time,accel x,accel y,accel z,gyro y,gyro x,gyro z
1515654141091,0,0,0,0,0,0
1515654141193,-2.297348,8.91095,4.1934967,-0.10681152,-0.5207062,0.34455872
1515654141295,-1.7131653,8.472809,4.8974,-0.26341248,-0.3449402,0.2295227
1515654141399,-1.5527496,8.324371,4.8207855,0.04977417,0.13761902,0.23164368
1515654141502,-2.2566528,9.176712,4.930908,0.06149292,-0.27676392,0.20288086
1515654141605,-0.93266296,8.585342,4.270111,0.26815796,-0.43655396,0.07078552
1515654141707,-0.25030518,8.446472,5.3115845,-0.18351746,-0.13508606,0.0803833
1515654141809,0.23571777,8.00116,6.3315277,-0.43385315,-0.004058838,0.23271179
1515654141912,-0.15214539,6.564636,6.8055725,-0.6319885,0.39222717,0.16239929
1515654142015,-0.106658936,6.112137,6.9252777,-0.41680908,1.0186005,0.2518921
1515654142117,0.2596588,6.777725,8.01944,0.45350647,0.32510376,0.19862366
1515654142220,-1.9382172,25.110123,17.84285,-0.716156,-1.7191315,0.66734314
1515654142322,-6.0275116,16.847733,5.0745697,1.0681763,-1.1651917,-0.5619812
1515654142426,-1.9645538,8.128052,2.237442,1.5315552,-0.31085205,-0.58114624
1515654142529,-0.719574,7.584564,1.7202911,1.2801514,0.6393585,-0.50445557
1515654142632,-0.8608246,8.137634,1.3970795,1.0862732,-0.32363892,-0.3947296
1515654142734,-1.1002502,10.795197,0.1927948,0.7571106,-0.2671814,-0.768631
1515654142837,-1.5958557,14.300308,-1.885376,0.043380737,0.36878967,0.24761963
1515654142939,-7.3706665,12.499863,2.9916077,-2.5473328,-2.1377869,1.4918518
1515654143043,0.79356384,9.073761,2.5151672,-1.8602448,-0.19473267,1.2681427
1515654143145,-4.2198944,3.5144196,7.641144,-1.3329315,0.66600037,0.86761475
1515654143248,-0.3173523,5.934967,5.823944,0.54086304,0.5978241,-0.053848267
1515654143350,-0.0037078857,6.306061,4.4688263,0.8860016,1.5629425,-0.07408142
1515654143452,-8.620438,12.442398,7.293991,-0.31987,-1.0576019,-0.36064148
1515654143554,-1.3061523,-1.0896301,2.4217834,0.3118286,-0.15852356,-0.6578522
1515654143657,-0.877594,5.413025,2.8671112,1.8649902,-0.14787292,-0.17102051
1515654143759,-2.814499,9.36824,-0.07536316,1.4207764,-1.1481476,-0.6205597
1515654143862,-0.049194336,9.396973,1.3898926,0.9307556,-1.0671844,-0.4447937
1515654143964,-0.75309753,9.930878,0.980484,0.6878662,-0.93403625,-0.8698425
1515654144067,-2.9365997,12.31311,0.33883667,-0.2783203,-1.4048767,0.2881012
1515654144171,-3.2215118,13.787949,2.5534668,-1.2509155,-2.331665,0.66308594
1515654144273,-0.7794342,9.277267,1.8759155,-1.8091125,-0.3449402,0.1592102
1515654144375,-1.9741364,5.599777,5.431305,-0.93984985,-0.6208496,-0.22747803
1515654144477,0.74328613,5.9086304,5.981964,0.46736145,0.6063385,-0.33613586
1515654144580,-5.903015,11.997086,7.653122,-0.7715454,0.14401245,0.051620483
1515654144683,-3.2071533,22.09822,4.550232,-1.1710205,-0.5792999,-0.2647705
1515654144786,-6.35791,12.9140625,2.1057587,1.5507355,-1.9609528,-1.0807648
1515654144893,-2.5032501,6.75618,0.70036316,1.5006714,-1.0309753,-0.7047272
1515654144997,1.5405579,8.259735,1.5981903,0.9520569,-0.33747864,-0.7409363
1515654145100,-0.23355103,8.779266,2.1727905,0.8742981,-0.52923584,-0.6439972
1515654145203,0.41767883,11.216568,1.7298737,0.43966675,-0.75720215,-1.1958008
1515654145305,-4.1336975,11.716965,-0.999527,-1.3851318,-0.5686493,1.1062317
1515654145408,2.0050354,11.477539,3.7864838,-0.8546295,-0.8573303,1.1818695
1515654145512,-1.3468475,6.8806763,0.76020813,-1.8186951,1.5544281,0.52459717
1515654145614,-0.90870667,3.6054077,5.328354,-0.2186737,0.39967346,0.11659241
1515654145718,2.6299133,10.361847,3.4848175,0.22554016,1.3253937,0.18904114
1515654145822,-2.7977448,4.757019,4.610092,-0.23039246,-1.2035522,0.64390564
1515654145926,-3.214325,-3.48143,1.0690613,0.2756195,-0.08181763,-0.4128418
1515654146030,1.8350372,6.334793,4.1958923,1.7978821,-1.2024841,-0.57902527
1515654146132,-0.7291565,8.487183,1.1408997,1.670044,-0.47917175,-0.625885
1515654146235,-0.42030334,8.271698,1.7298737,1.0553894,-0.6741028,-0.73135376
1515654146338,-0.6788635,10.09848,1.1049805,0.6825409,-0.7763672,-0.90711975
1515654146441,-1.7825928,16.550858,-1.1503601,-0.51374817,0.280365,1.1925201
1515654146548,-0.956604,16.155807,4.6986694,-1.1784668,-1.7745209,1.0060883
1515654146651,-1.2606659,5.602173,0.53515625,-1.4351959,0.76187134,0.8409729
1515654146754,-2.079483,4.112976,3.1065369,-0.38378906,0.838562,0.6343231
1515654146860,0.59724426,11.384171,3.1256866,0.35231018,1.1357727,-0.06661987
1515654146962,1.1909943,5.9325714,6.9827423,-0.31347656,0.082229614,0.82073975
1515654147064,-3.2358856,-3.6250916,3.2741241,-0.22079468,0.0619812,-0.2136383
1515654147166,1.1718445,8.649994,4.8016205,1.8223724,-1.311142,-0.18699646
1515654147268,-1.5766907,8.755325,0.8320465,1.6093292,-0.68156433,-0.75479126
1515654147372,-1.2989655,8.731384,0.48727417,0.9712372,-0.9276428,-0.67489624
1515654147475,1.5142212,10.160721,1.0618896,0.5110321,-0.8978119,-0.99554443
1515654147583,-4.3587646,14.329025,-0.5111084,-0.3156128,0.151474,0.74191284
1515654147686,-1.9621582,15.43515,2.637268,-1.2061768,-1.6104736,0.95176697
1515654147789,-1.0140533,7.7880707,1.7394409,-1.7377319,0.30273438,0.87612915
1515654147894,-1.5383911,5.460907,3.6428375,-0.7342529,0.9056854,0.56933594
1515654147996,0.48710632,8.973206,5.2756805,0.4641571,1.0313721,0.027114868
1515654148097,0.31233215,11.254883,8.124786,-0.9526367,1.5938416,1.0465698
1515654148200,-4.63649,28.031052,-1.3969574,-0.08125305,-0.29167175,-0.32974243
1515654148303,-4.526352,15.301071,3.9684448,1.0436707,-1.2195282,-1.4599915
1515654148406,-1.5958557,6.655609,-0.8367157,1.4399414,-0.41737366,-0.7739563
1515654148508,-0.0061035156,8.389023,1.7154999,1.2620544,-0.33747864,-0.6493225
1515654148612,-0.4777527,8.594925,1.9836578,1.097992,-0.32363892,-0.752655
1515654148715,-0.42747498,9.408951,1.2821503,0.4045105,-0.9691925,-0.66529846
1515654148818,-6.032303,11.190231,-2.3809814,-1.5555725,-0.41844177,1.1136932
1515654148919,1.4328156,11.197418,2.8479614,-1.4639587,-0.769989,1.0966492
1515654149020,-2.6612701,5.381897,1.4042511,-1.6109772,0.71925354,0.5618744
1515654149122,-1.2870026,4.8671417,3.8247986,-0.26766968,1.1166077,0.7248688
1515654149224,1.3418427,9.159958,5.2038574,0.6271515,0.8662567,0.19648743
1515654149327,0.22613525,6.1145325,9.616364,0.1499176,0.55307007,0.88145447
1515654149429,-0.9685669,-2.7272644,9.496658,-1.2945862,0.8119354,-1.4280396
1515654149533,2.6897736,11.269241,3.4967804,1.8575287,-0.5601196,-0.4437256
1515654149635,-1.411499,8.896591,1.7202911,1.384552,0.280365,-0.73561096
1515654149737,-1.4258575,8.039459,1.2797546,1.1597748,-0.42697144,-0.53215027
1515654149840,0.28120422,9.313187,1.2677917,0.42581177,-0.48129272,-0.7739563
1515654149942,-2.26622,16.20369,0.35079956,-0.6469116,0.4571991,0.5831909
1515654150045,-0.14256287,15.844559,0.3699646,-1.5502472,-0.90527344,1.334198
1515654150148,-0.9877167,8.630829,1.4138336,-1.8069763,0.838562,1.0188751
1515654150252,-0.7483063,5.547104,4.3036346,-0.74490356,0.59887695,0.94644165
1515654150355,1.4376068,6.6723785,4.8878174,0.9009247,1.4862518,-0.21150208
1515654150457,0.7983551,11.013062,8.7903595,-0.41255188,0.5807648,0.7333832
1515654150559,5.7974396,10.287613,-0.4033661,1.1224976,-0.4003296,1.3576355
1515654150663,-3.6428986,14.2308655,2.383484,1.733963,-0.61125183,-0.15078735
1515654150767,-0.33650208,9.277267,3.719452,1.4207764,0.33042908,-0.815506
1515654150870,-1.1840515,8.321976,1.2821503,1.0937347,-0.08609009,-0.5704956
1515654150972,-0.053985596,9.64119,1.3300323,0.71343994,-0.60913086,-0.88793945
1515654151074,1.7392731,9.758499,2.4505157,-0.08125305,-0.3545227,-0.40538025
1515654151177,-7.6124725,10.076935,0.8248596,-2.2884827,0.01512146,0.99331665
1515654151280,1.9020844,11.338669,3.0155487,-1.2541046,0.79808044,1.5419159
1515654151384,-0.061172485,6.5885773,2.838379,-0.6916504,2.2479095,1.5035706
1515654151486,0.8558197,7.800049,1.6652222,0.46522522,2.6122284,1.0742645
1515654151588,-0.7411194,9.14798,7.878174,-0.31028748,2.7879944,0.13363647
1515654151691,1.5429535,9.339523,7.313141,0.38853455,0.9216614,1.5440521
1515654151792,0.20698547,0.60546875,3.3818665,-1.4586334,1.2913055,-1.6847687
1515654151895,0.056152344,9.047424,0.41305542,1.7243652,0.10673523,-0.08366394
1515654151997,-0.48014832,8.757721,1.9429474,1.4814911,1.5054169,-0.3904724
1515654152100,-1.4617767,8.987564,0.96850586,1.1139832,0.22923279,-0.22854614
1515654152205,-0.37719727,10.081726,1.332428,0.40130615,-0.46531677,-0.73561096
1515654152308,1.5740662,10.443237,-1.1503601,-0.44024658,0.42843628,0.10487366
1515654152412,-6.1687775,10.572525,2.151245,-2.4951477,-0.51005554,1.3938446
1515654152515,0.3650055,11.2453,2.9006348,-1.6791534,2.0295258,1.5525818
1515654152617,-0.80337524,7.282898,2.1009674,-0.5414429,2.125412,1.5653534
1515654152721,-0.55197144,7.9891815,2.9796448,0.57069397,2.0998383,0.72698975
1515654152824,0.65948486,9.973984,8.301956,-0.751297,2.0231476,1.2670898
1515654152926,-3.5016327,23.120544,4.0019684,-2.549469,2.7709503,-0.17741394
1515654153029,-0.2598877,12.686615,4.7824707,1.1608429,1.2572174,0.91767883
1515654153133,-1.2654572,7.828781,2.5558624,1.5123901,2.859375,0.24443054
1515654153237,-1.3851624,8.839127,1.3420105,1.2950745,1.6641388,-0.0101623535
1515654153338,-0.3293152,10.009888,0.32685852,0.77308655,0.67770386,-0.44799805
1515654153439,1.2029724,10.510284,0.98527527,0.056167603,0.8619995,-0.49273682
1515654153540,-2.9844818,10.790405,0.38671875,-2.0860748,1.4798584,0.7365875
1515654153640,1.7488556,12.832657,3.1687775,-1.8080444,0.6809082,1.3192749
1515654153742,-2.237503,9.619644,2.9509125,-0.9217377,0.7799835,1.0060883
1515654153844,0.56851196,8.1232605,2.7665558,-0.5904541,2.444992,1.7411194
1515654153946,-0.84407043,4.757019,5.175125,-0.019470215,0.66386414,0.6854553
1515654154049,5.419159,11.003494,4.9285126,0.51956177,0.5264435,1.5749512
1515654154151,-14.785507,20.448608,1.1480713,0.17015076,0.58503723,-0.03253174
1515654154253,-1.5168457,21.399109,3.6141052,1.3153076,-1.1151276,-0.8719635
1515654154355,-2.0435638,7.879059,1.2749634,1.7115936,-0.42697144,-0.5992584
1515654154458,0.7815857,8.860672,1.593399,1.3781586,-0.27783203,-0.5364075
1515654154560,-2.383545,9.052216,-0.08972168,1.095871,-0.43122864,-0.39579773
1515654154662,0.14233398,10.742523,1.0331573,0.2756195,-1.3537445,-0.70259094
1515654154765,-3.5519104,13.605988,-3.6427155,-0.93026733,-0.69221497,1.4258118
1515654154867,2.493454,14.182983,3.2980652,-1.499115,-1.5582733,1.224472
1515654154970,-1.4833221,6.6723785,-0.05621338,-1.532135,1.0601349,0.4830475
1515654155072,-3.348404,3.772995,3.5207367,-0.7566223,0.615921,0.4649353
1515654155176,0.86538696,9.193466,5.340317,0.59732056,0.7608032,-0.04852295
1515654155279,1.2676086,6.650833,6.760086,0.0061035156,0.8279114,0.9613495
1515654155381,7.169327,8.384232,2.7186737,0.6143646,-1.1257782,1.1999664
1515654155484,0.5038605,18.511703,3.9325256,1.8266449,-1.4442902,-0.37342834
1515654155587,-1.2343292,9.832718,1.1289215,1.1800232,-1.0916901,-1.3630524
1515654155689,0.6331482,9.289246,1.0690613,0.99679565,-0.55799866,-0.4202881
1515654155794,-1.1960144,10.524643,0.6237488,0.8178253,-0.56544495,-0.7100525
1515654155896,0.058547974,10.47197,-0.07775879,0.23725891,-1.1822357,-0.2913971
1515654156000,-5.3020782,11.695404,-1.7632751,-1.9838104,-1.5231323,1.1456451
1515654156103,-0.63098145,11.321915,1.2103271,-1.7760925,-1.0235138,1.2010345
1515654156206,-2.7690125,7.3283844,3.4896088,-2.1127167,0.3314972,0.5565491
1515654156308,1.9116516,3.986084,4.72023,-0.3209381,0.5978241,-0.15718079
1515654156412,1.1790314,11.415283,4.72023,-0.25915527,1.012207,0.15388489
1515654156515,-6.2477875,15.068848,4.411377,-0.2975006,-2.032318,0.07078552
1515654156617,-4.5359344,12.985886,0.71951294,0.7816162,0.1749115,-1.8765106
1515654156720,-2.4745178,7.0315094,0.7745819,1.4015961,-0.26397705,-0.62483215
1515654156822,1.7799683,8.245361,2.2637787,1.0862732,-0.024291992,-0.48634338
1515654156926,-0.67648315,8.700272,1.2582092,0.74220276,-0.3545227,-0.3659668
1515654157031,0.020233154,10.366623,-0.07775879,0.56430054,-0.98942566,-0.87516785
1515654157133,-0.030044556,15.866104,-1.6052551,0.07321167,0.5051422,0.56614685
1515654157235,-1.6437378,13.055313,3.5829773,-2.1521301,-1.552948,1.3214111
1515654157338,1.3968964,8.204666,2.5175629,-1.6056519,0.7533417,0.96455383
1515654157441,-0.8488617,6.6675873,2.6540222,-0.58299255,1.8708038,1.2372589
1515654157544,0.9324341,5.9325714,3.8630981,1.3142395,1.2561493,-0.05491638
1515654157649,0.5541382,10.005112,11.567642,-0.90257263,1.3786621,1.7379303
1515654157752,10.734283,11.992294,-14.579437,2.0567322,0.49342346,2.1842804
1515654157855,0.7911682,13.383316,10.662628,1.6434174,-0.25865173,0.22419739
1515654157957,-0.039611816,9.021088,1.8040924,1.6167755,-0.16278076,-0.8346863
1515654158060,-1.0140533,8.266907,1.1241302,1.4846802,0.20579529,-0.30311584
1515654158164,0.08248901,11.2812195,0.76260376,0.74964905,-1.1151276,-0.7462616
1515654158268,-0.30537415,10.61084,1.38031,0.031661987,-1.041626,-0.42988586
1515654158371,-1.5000763,9.363464,-0.7960205,-2.9755707,-0.8200531,1.1957092
1515654158473,2.5437317,10.440842,4.236603,-1.483139,-0.60913086,1.4982452
1515654158577,0.15431213,6.385071,2.1632233,-1.1923218,2.6772156,1.4385986
1515654158682,-0.15933228,3.512024,4.4257355,0.9904022,0.6904907,0.27319336
1515654158786,2.5556946,11.070526,5.771286,-0.6170807,1.58638,0.24868774
1515654158888,-2.7642212,25.847534,4.533478,-1.4767456,-0.9308319,0.5363159
1515654158991,-5.8264008,16.239609,0.79133606,0.89346313,-1.4698639,-2.2557526
1515654159093,-2.139328,7.816803,0.56388855,1.7137146,-0.2394867,-0.60139465
1515654159196,2.7280731,7.986786,1.5503082,1.3408813,-0.13189697,-0.7430725
1515654159301,-1.2079926,8.310013,1.2294769,1.2822876,-0.1926117,-0.6770172
1515654159403,1.7727966,11.010666,0.8320465,0.41836548,-1.0213928,-0.78248596
1515654159505,-3.858368,15.81105,-2.0601501,-1.6184235,-0.93403625,1.3160858
1515654159608,2.5604858,13.031372,3.33638,-1.2541046,-1.2248535,0.8878479
1515654159710,0.077697754,6.3156433,0.9230194,-1.2019043,1.9496307,1.0817261
1515654159812,-1.2199554,5.120926,4.902176,-0.3475647,0.40394592,0.56933594
1515654159914,5.5963287,8.056229,7.641144,0.39704895,0.5775757,0.41487122
1515654160017,-1.574295,9.377823,7.499893,0.045516968,1.4191284,0.8186035
1515654160122,5.3329773,-4.405594,1.083435,-0.20695496,0.73950195,-0.10923767
1515654160224,0.058547974,16.6969,2.1392822,1.0809479,-0.58143616,-0.14865112
1515654160327,-0.78900146,8.980392,2.7569733,1.5198364,-0.26185608,-0.9657135
1515654160429,1.102417,8.717026,1.0451202,1.1320801,-0.27037048,-0.67915344
1515654160533,-0.90153503,9.80159,1.6915588,1.0969391,0.030029297,-0.8112488
1515654160635,0.6618805,10.383392,-0.19267273,-0.015197754,-0.5984802,-0.22535706
1515654160736,-3.779358,11.415283,-1.1240234,-2.9073944,-0.83496094,1.1531067
1515654160840,3.2595978,10.383392,2.7330322,-1.5310822,0.39009094,1.3938446
1515654160942,-2.2877808,6.2773285,1.2007446,-1.0027008,1.9464417,0.9943695
1515654161045,1.3418427,4.907852,3.3794708,0.6058502,0.7863617,0.14216614
1515654161148,0.5206299,8.901382,8.98909,-0.19949341,1.4063568,0.2646637
1515654161251,3.9658813,3.4952698,7.159912,0.16801453,0.2771759,0.8505707
1515654161354,-8.792816,-5.667343,6.9564056,0.732605,1.2359161,-1.6698456
1515654161456,2.3665466,7.4480896,5.0195007,1.6434174,-0.3928833,-0.7707672
1515654161559,-0.7913971,8.453659,0.4393921,1.3121185,-0.6804962,-0.7409363
1515654161661,-0.30776978,9.442474,1.4856567,0.7400665,-0.6059265,-0.40751648
1515654161764,-0.039611816,10.598862,1.0139923,0.45350647,-0.73695374,-0.95718384
1515654161867,0.9037018,11.831879,0.4609375,-0.11853027,0.4348297,0.29663086
1515654161972,-2.3332672,12.01384,2.3475647,-2.3076477,-2.15802,1.2319336
1515654162075,1.7751923,10.811951,2.6779633,-1.2008514,1.2454987,1.4204865
1515654162177,-0.81773376,7.345154,2.582199,-0.58406067,1.9528351,1.1371155
1515654162279,1.0090485,7.208679,3.5925598,0.45777893,1.9890594,0.2572174
1515654162382,0.889328,9.107285,6.9875336,-0.5616913,2.3427124,0.6790619
1515654162484,3.0704498,9.492752,5.989151,0.53660583,-0.23202515,1.3917236
1515654162591,-8.112869,17.491776,1.0139923,0.01461792,1.5938416,-1.5707855
1515654162694,-1.1768646,8.922928,1.7993011,1.1501923,1.1251221,-0.86557007
1515654162797,-0.45381165,9.013901,2.6564178,1.1533966,1.3818512,-0.073013306
1515654162900,0.65708923,10.37381,0.9589386,1.0308838,-0.15106201,-0.5470581
1515654163003,1.4471741,10.050598,1.5311432,0.28520203,-0.3502655,-0.7739563
1515654163108,-1.5192413,14.542114,-1.7632751,-0.83226013,1.3285828,0.87187195
1515654163211,-1.0260315,13.97229,1.8304291,-1.4437256,-0.5952759,1.9531097
1515654163314,-0.51846313,10.146362,0.4393921,-1.4906006,2.542984,0.86654663
1515654163415,1.4591522,7.5510406,3.6117096,0.06681824,2.383194,1.9499207
1515654163516,1.3681793,10.1822815,2.7689514,0.80184937,3.2929382,1.8838654
1515654163617,-3.439392,4.974884,8.481522,0.29159546,3.1065216,1.5067749
1515654163719,13.339188,11.556549,-0.4129486,0.603714,0.756546,3.4796448
1515654163821,-20.713547,16.337769,-4.6818085,-0.13238525,3.2620392,-1.0786285
1515654163922,5.3186035,9.710617,1.2151184,1.4346161,1.1592102,0.316864
1515654164027,1.0138245,8.147202,1.090622,1.5102539,1.9251404,0.067596436
1515654164129,1.0952301,9.909332,1.1361084,0.69107056,0.76187134,-0.38301086
1515654164232,0.7217407,9.389801,0.7554321,0.48866272,0.6308441,-0.5140381
1515654164335,1.0018616,13.914841,-2.3929443,-0.7459717,2.128601,0.4329834
1515654164438,-1.9477997,12.545349,1.0116119,-2.5100555,0.87265015,1.4716187
1515654164542,1.8374329,10.914902,1.6795807,-0.44343567,2.5515137,1.798645
1515654164645,1.2676086,9.420914,0.83921814,0.12860107,3.5784302,1.8178253
1515654164748,-3.2741852,5.1975403,6.8606415,0.26602173,1.2593384,0.90914917
1515654164850,3.2978973,5.9086304,6.2118073,0.34484863,1.1687927,0.03883362
1515654164953,3.3769073,28.490738,3.6500092,-0.716156,-1.6434937,1.3416595
1515654165056,-8.536636,17.458252,3.7769012,1.6668549,-1.5710602,-1.9830322
1515654165160,1.0832672,8.661957,0.69078064,1.6370239,-0.5196533,-0.73986816
1515654165263,1.2987366,7.6372375,2.0147705,1.2300873,-0.08821106,-0.6226959
1515654165367,0.5349884,8.580551,0.6261444,0.44606018,-1.0288391,-0.5396118
1515654165472,1.260437,9.576538,0.09223938,0.4055786,-0.40672302,-0.5513153
1515654165575,2.6993408,11.609222,1.9932251,0.0050354004,-0.21817017,0.018600464
1515654165680,-1.3779755,13.270798,-0.5901184,-2.6528015,-0.29167175,1.2330017
1515654165784,3.5780182,9.657944,3.6619873,-1.0964508,0.48382568,1.3576355
1515654165886,-1.3971252,7.045868,2.4170074,-0.70762634,1.7951813,0.69078064
1515654165990,0.6331482,7.7713165,4.5478363,0.28094482,0.11312866,-0.14439392
1515654166092,2.3761292,6.899826,5.041046,0.121154785,0.38476562,0.026046753
1515654166194,1.2341003,7.208679,6.570938,0.12860107,-0.25971985,0.2934265
1515654166296,-0.69563293,25.49559,6.6068573,-0.4189453,-1.7617493,0.7589569
1515654166399,-3.4585419,18.516495,-0.22859192,2.133438,-0.4429474,-0.16462708
1515654166502,-2.1417236,10.665909,-3.5445557,1.290802,-1.473053,-0.6674347
1515654166606,2.098404,8.705048,1.3611603,0.54618835,-1.5486908,-0.5843506
1515654166708,1.5357666,9.813568,0.5471344,0.21809387,-1.7191315,-0.5246887
1515654166811,0.68821716,9.418518,0.40586853,0.28520203,-1.1950226,-0.54493713
1515654166915,1.6746368,9.2221985,1.4377747,-0.05567932,-1.5635986,-0.370224
1515654167018,-1.4929047,13.191788,-0.8750305,-1.5097656,-0.86372375,1.496109
1515654167122,5.241989,10.998703,5.4145355,-1.8240204,-1.187561,0.90063477
1515654167224,-1.842453,5.7913055,2.2781372,-1.7963257,1.5650787,0.020721436
1515654167326,2.57724,5.832016,5.7736664,-0.75556946,-0.15959167,0.43937683
1515654167428,3.7695618,4.836029,7.3346863,0.28199768,0.96746826,0.081451416
1515654167534,0.62597656,7.785675,6.0729523,0.9477997,0.46466064,0.0047454834
1515654167638,0.67385864,28.914505,5.31398,-0.8493042,-1.1801147,1.3650818
1515654167741,0.46076965,20.67366,2.7881012,2.3688507,-1.6893005,-1.1553345
1515654167843,0.8199005,8.00116,2.644455,1.6721802,-1.1119385,-0.813385
1515654167945,2.352188,6.7920837,1.5862122,1.1182404,-0.04560852,-0.6354828
1515654168046,-0.59747314,8.489578,0.24307251,0.71876526,-0.4482727,-0.6077881
1515654168146,0.59484863,10.213394,-0.42012024,0.3725586,-1.1257782,-0.8357544
1515654168247,2.0337524,9.315567,1.3132782,-0.089767456,-0.53349304,-0.42881775
1515654168348,-5.8264008,12.030594,1.3779144,-2.2533264,-0.07009888,0.842041
1515654168450,5.9075775,11.254883,3.597351,-0.6735382,0.48703003,1.2234039
1515654168555,-2.383545,6.121704,0.69317627,-1.1177521,1.4851837,0.5629425
1515654168659,1.5740662,5.6763916,3.9708405,-0.48284912,1.157074,0.96881104
1515654168763,2.862152,6.571823,5.680298,0.33952332,1.3743896,0.4638672
1515654168867,1.2293091,8.070587,8.282791,0.11582947,1.6439056,0.8356476
1515654168970,8.5555725,23.769363,13.803818,-0.28684998,-1.6520233,3.2324982
1515654169074,2.5509033,21.858795,-0.355484,2.8524933,-1.6946259,-1.0583954
1515654169177,-0.9398346,10.402542,-0.49673462,1.494278,-1.7670746,-0.78674316
1515654169280,3.5037994,7.3906403,2.2398376,1.0873413,-0.7444153,-0.65145874
1515654169384,0.29795837,8.580551,0.6405029,0.8828125,-0.75294495,-0.52789307
1515654169488,2.352188,10.361847,-0.47039795,0.33740234,-1.5550842,-0.7878113
1515654169590,2.5748444,11.989899,2.11055,-0.7459717,-0.28529358,0.5586853
1515654169692,2.8238525,16.419174,3.41539,-2.7795715,-3.6003876,1.6473846
1515654169795,3.7527924,8.377045,1.9956207,-0.95903015,1.8463135,1.4194183
1515654169898,-3.0634918,3.2295074,4.064209,-0.7150879,0.96533203,1.2660217
1515654170000,2.6897736,6.092972,4.7034607,1.1821594,0.35386658,0.1783905
1515654170104,1.4352112,7.239807,3.044281,0.77948,1.7451019,-0.59606934
1515654170206,1.4998474,6.528717,6.9037323,-0.48605347,-0.5484009,-0.38087463
1515654170312,2.2229004,-1.3745422,1.411438,1.1278229,0.97491455,-2.2664032
1515654170415,0.22853088,6.3132477,9.690582,0.777359,-1.4016876,-0.686615
1515654170519,2.5317535,6.492813,3.7026825,1.4985352,-1.2291107,-1.102066
1515654170622,0.54696655,9.131226,0.7889404,0.61756897,-0.7444153,-0.5950012
1515654170724,2.4527435,9.241348,1.3060913,0.650589,-0.98516846,-0.8304291
1515654170826,2.2516327,9.298813,1.0163879,-0.23358154,-1.1609344,-0.50231934
1515654170928,-3.5183868,13.610779,-2.0601501,-2.1404114,0.4263153,0.69610596
1515654171032,8.672882,11.554153,5.304413,-0.75875854,-0.629364,1.1467133
1515654171135,-0.45141602,7.3595123,-0.11366272,-0.68525696,1.6545563,0.6694641
1515654171238,-0.3388977,6.1073456,3.5638275,-0.5989685,1.1560211,1.1360626
1515654171341,6.4606323,5.951721,6.412918,-0.3390503,1.0036774,0.9901123
1515654171445,2.1007996,5.503998,6.2046356,0.7816162,1.3019562,0.6140747
1515654171548,-4.3300323,27.791626,9.728897,-1.3222809,-0.58036804,0.7451019
1515654171652,2.0265808,16.807037,3.877472,0.46629333,0.0342865,-1.3460083
1515654171754,-0.1904602,6.389862,1.8615417,1.2481995,-0.7966156,-0.82403564
1515654171073,2.1055908,6.6580048,0.54473877,1.2620544,-0.65812683,-0.81018066
1515654171174,1.5860443,8.908554,1.5383301,0.6569824,-0.70606995,-0.65252686
1515654171275,1.8182831,8.805603,0.7865448,0.59413147,-0.66238403,-0.82936096
1515654171377,4.246002,9.844696,0.29574585,-0.07911682,-1.1811676,-0.40219116
1515654171478,-3.8751373,13.340225,-0.54940796,-1.8879395,0.70114136,1.1019745
1515654171581,4.1215057,9.186295,5.2325897,-0.6735382,0.19407654,1.1573639
1515654171685,-1.5814819,6.44014,0.98287964,-0.6309204,1.138977,0.49050903
1515654171787,1.1455078,6.856735,3.4345398,-0.2144165,1.6918488,0.9347229
1515654171889,3.8318024,7.3283844,5.0195007,0.3310089,1.0058136,0.47665405
1515654171991,0.9827118,7.519928,4.827957,-0.40083313,1.0622711,0.8548279
1515654172094,4.078415,4.2254944,5.2948303,1.0766907,0.81407166,0.21247864
1515654172197,14.2369995,12.0737,1.14328,-0.96328735,1.3136749,0.5405731
1515654172300,6.0488434,21.016037,1.3515778,1.9374237,-3.7282257,-1.2799683
1515654172404,4.2316437,11.156723,0.8631592,0.77948,-1.1513519,-0.55877686
1515654172507,2.1367035,8.228607,2.3092651,1.0553894,-0.41418457,-0.71110535
1515654172611,1.7919464,8.709839,1.1600494,0.48973083,-1.1662598,-0.38619995
1515654172713,1.6698456,9.097702,-0.15197754,0.26815796,-1.4261932,-0.7292175
1515654172817,4.9834137,8.479996,1.0475159,-0.12705994,-0.47703552,-0.63227844
1515654172919,-2.850418,12.605209,0.9613342,-0.7214813,0.6116638,0.5565491
1515654173023,4.861313,13.514999,3.7290192,-0.40509033,0.0619812,2.019165
1515654173126,-2.3859406,5.8942566,1.2630005,-1.6365356,0.31126404,0.762146
1515654173229,2.6969604,6.3802795,4.1288605,-0.37953186,1.2806549,1.2521667
1515654173332,3.7695618,7.440918,3.1951141,0.39492798,2.1850586,0.61195374
1515654173435,4.6817474,5.357956,5.3187714,0.1818695,1.6289978,0.5671997
1515654173537,1.8542023,5.3771057,6.657135,1.0777588,1.217804,1.8987885
1515654173640,9.314529,0.38520813,-9.407959,0.556839,0.61380005,0.22312927
1515654173744,-3.2741852,8.310013,4.3658752,0.49079895,-2.4158173,-1.3492126
1515654173847,6.09433,5.618927,3.736206,1.5432739,0.22177124,-1.0370789
1515654173950,0.75764465,9.193466,0.19519043,0.8966675,0.58929443,-0.35424805
1515654174052,2.8717346,9.394577,1.3252411,0.66656494,-0.18196106,-0.37554932
1515654174155,2.8477936,8.83194,0.8583832,0.44073486,0.25053406,-0.6503906
1515654174258,1.8182831,9.997925,-0.94924927,-0.608551,0.41671753,-0.12095642
1515654174360,-0.61901855,11.314728,-1.296402,-2.3822174,0.049209595,0.8921051
1515654174462,5.115097,10.6371765,3.5494537,-0.68418884,1.8036957,1.2649536
1515654174565,0.034606934,7.5031586,2.6013489,0.057235718,2.1317902,1.2308655
1515654174670,3.8940582,9.722595,2.0387115,1.1565857,2.8636322,1.2500458
1515654174773,1.2891693,9.775269,2.510376,0.5387268,2.6772156,1.3427124
1515654174876,5.127075,6.488022,3.4010162,0.92115784,0.7213898,1.7698822
1515654174979,7.566757,5.982849,0.7099304,1.5102539,3.5539246,1.4396515
1515654175081,-1.0092773,28.18428,5.440872,-0.8184204,-1.0874329,-1.0743713
1515654175183,4.047287,20.146942,-2.115219,2.0918884,1.9720001,1.5962524
1515654175285,-0.2311554,9.114456,3.7745209,1.5049286,0.8609314,-0.38833618
1515654175389,0.8605957,8.463242,1.356369,1.1416779,2.570694,-0.11456299
1515654175492,1.7751923,9.272476,0.43699646,0.7358093,1.220993,0.10914612
1515654175594,1.2987366,9.997925,0.92541504,0.7379303,0.27397156,-0.35211182
1515654175697,2.2133179,9.722595,-0.12564087,0.56004333,0.5647888,-0.33720398
1515654175800,2.0050354,9.351486,1.3180695,-0.024795532,-0.13294983,-0.6951294
1515654175903,0.5996399,14.154251,0.18560791,-2.0935364,0.4060669,1.0934448
1515654176006,4.415985,10.239731,4.136032,-0.58618164,0.57225037,1.3714752
1515654176111,0.9372101,6.8902435,1.2630005,-0.18031311,2.1094208,1.0625458
1515654176213,1.2005768,7.393036,3.877472,-0.3720703,1.5214081,1.3171539
1515654176316,4.083191,6.6843414,5.3546906,-0.15794373,0.7959595,1.0305939
1515654176419,3.6378784,6.9022217,4.4401093,0.2841339,1.6449738,1.2574921
1515654176522,4.734421,3.4545746,6.886978,0.9350128,-0.643219,0.5096741
1515654176625,0.69540405,-3.3808746,1.6197357,0.99572754,-0.8765106,-1.7987518
1515654176728,-0.5735321,6.6364594,3.0610352,0.5280762,-0.97984314,-0.9614563
1515654176839,4.0927734,7.258957,3.2765198,1.0447388,-0.676239,-0.7846222
1515654176941,1.3609924,9.064178,0.41305542,0.5334015,-0.8424225,-0.60990906
1515654177044,1.9068604,8.748154,0.55670166,0.6026459,-0.96492004,-0.65571594
1515654177146,1.4663391,10.601257,-0.08972168,-0.20162964,-1.2536163,-0.55770874
1515654177250,-1.3300934,14.786331,-1.3323212,-0.7225342,0.61486816,1.1062317
1515654177352,5.893219,10.052994,5.3187714,-1.3840637,-1.4996948,0.87612915
1515654177454,0.8749695,7.852722,1.9190063,-0.82907104,-0.014709473,0.5363159
1515654177558,-0.3795929,6.971649,2.2948914,-0.7896576,0.6308441,0.99224854
1515654177662,4.971451,7.1224823,4.3539124,0.062561035,0.31126404,0.60128784
1515654177765,3.8557434,6.99559,4.938095,0.69532776,1.6598816,0.59809875
1515654177867,3.4247894,6.1791687,5.8215637,0.5557709,1.0729218,0.48944092
1515654177969,4.37529,-0.9004822,11.835785,-1.0080261,1.6982422,-0.8943329
1515654178071,1.3562012,13.845398,-0.02748108,0.57281494,-1.0309753,-0.7132416
1515654178174,2.565277,10.524643,-0.9229126,0.8061218,-1.0639954,-0.52256775
1515654178277,2.2827606,8.846313,0.6692352,0.7666931,-0.7167206,-0.6163025
1515654178380,2.1247406,8.827164,0.767395,0.45671082,-0.84988403,-0.2871399
1515654178482,1.6937866,9.289246,0.15447998,0.33207703,-1.0608063,-0.7366791
1515654178586,4.406418,8.7912445,0.11138916,-0.12918091,-0.8200531,-0.4437256
1515654178690,-4.2127075,13.304321,-1.9739685,-2.0594482,-0.79447937,0.68013
1515654178792,4.5524597,11.288391,2.2685547,-1.2178955,0.1472168,1.177597
1515654178894,-0.9063263,7.002777,0.19996643,-1.5960541,1.1261902,0.5320587
1515654178996,2.146286,6.1193085,4.236603,-0.7427826,0.19302368,0.52246094
1515654179098,4.1957245,6.270157,6.9252777,0.10623169,0.97065735,0.13684082
1515654179200,-0.7004242,6.2893066,5.685089,0.009292603,0.9269867,0.15174866
1515654179305,1.3633881,7.2972565,2.8144379,0.15524292,-0.13082886,0.24975586
1515654179406,-3.9589233,-10.082245,-1.6962433,1.5294342,-0.95214844,-1.9734497
1515654179510,0.060943604,4.4026794,5.7856445,0.35017395,-1.0682526,-1.0786285
1515654179612,3.4176025,7.6875153,3.6548004,1.035141,-0.7124634,-0.8197632
1515654179715,1.7009583,9.882996,0.33883667,0.8455353,-0.23309326,-0.48313904
1515654179817,1.6650543,8.693085,0.58303833,1.3472748,-0.41311646,-0.7558594
1515654179919,2.8046875,10.380997,1.2653961,0.21063232,-0.7870331,-0.463974
1515654180021,1.8877106,13.328262,-1.3179474,-0.78326416,0.4028778,1.1733398
1515654180123,1.4735107,14.769562,5.7856445,-1.3734131,-2.2890472,1.2170105
1515654180225,3.5684357,6.828003,1.4736938,-0.33584595,1.4478912,1.2170105
1515654180329,-1.7155609,6.401825,0.49446106,-1.034668,1.8846588,0.70036316
1515654180431,3.5780182,8.424927,4.56221,0.47268677,0.60847473,0.36054993
1515654180533,3.6785736,8.175934,4.768112,0.48014832,2.335266,0.7024994
1515654180635,2.81427,21.238693,1.9980164,-0.32200623,-0.46105957,0.89637756
1515654180737,-1.1672821,17.683304,2.1536407,1.1821594,-1.2323151,-1.052002
1515654180840,0.21417236,8.30043,-1.1431732,1.7712402,0.07369995,-1.0786285
1515654180942,2.383316,7.8622894,0.71951294,0.6101074,-0.25332642,-0.53108215
1515654181044,3.3290253,8.041855,1.7059174,0.48120117,-0.96173096,-0.35743713
1515654181146,1.3538055,9.023483,-0.6308136,0.48973083,-0.112716675,-0.6205597
1515654181248,3.6259003,10.618027,-0.14479065,0.062561035,-1.1066132,-0.57795715
1515654181351,-1.2510834,15.763153,-2.1846466,-0.6351929,0.86946106,1.144577
1515654181454,0.5780792,10.555771,8.639526,-1.8858032,-2.0887756,1.1030273
1515654181556,6.0895386,6.327606,2.3930664,-0.16540527,1.8356476,1.7762756
1515654181657,-3.1640472,6.3252106,1.545517,0.031661987,1.6013031,0.56933594
1515654181759,4.19812,7.3643036,3.3818665,0.72727966,-0.017913818,0.19862366
1515654181863,2.0816498,8.31958,4.337158,0.34059143,1.4468384,0.42445374
1515654181966,6.261917,18.957031,10.133514,0.47375488,-0.6336365,0.2657318
1515654182068,-0.7147827,5.8535614,-0.49195862,2.228241,-1.0757141,-2.5913086
1515654182170,1.1694489,6.2821198,12.113525,0.603714,-0.3460083,-0.71110535
1515654182272,1.7967377,7.6492157,-1.1288147,0.81677246,-0.945755,-0.5896759
1515654182375,1.6530762,8.7122345,0.16885376,0.48014832,-0.8232422,-0.55770874
1515654182477,2.060089,9.54303,-0.29083252,0.47694397,-0.7209778,-0.79953
1515654182579,3.4631042,10.491135,1.0163879,0.27241516,-0.5185852,-0.40963745
1515654182682,-0.8680115,15.255585,-1.5837097,-1.2189484,0.39648438,1.3171539
1515654182785,2.711319,11.092072,6.590103,-1.2754059,-0.9265747,1.1541595
1515654182888,1.9379883,7.0434723,2.4983978,-0.4221344,1.3158112,0.79837036
1515654182990,0.22853088,7.129669,3.2789154,-0.3518219,1.0729218,0.9890442
1515654183093,4.7416077,7.7282257,4.64122,0.47375488,0.5818329,0.114471436
1515654183196,3.4487305,7.876663,4.6507874,0.34698486,1.138977,0.55015564
1515654183298,4.1358643,23.206726,5.103302,0.34484863,-0.5558624,0.15068054
1515654183400,-3.1760254,8.999542,-1.1240234,1.9374237,-1.3047485,-2.3878326
1515654183503,-0.034835815,7.8670807,3.1807556,1.9150543,-0.05305481,-0.7835541
1515654183606,2.055313,8.0442505,-1.1000824,0.76457214,-0.91059875,-0.60990906
1515654183709,2.6730042,8.302826,0.9158325,0.5792084,-0.7635956,-0.65252686
1515654183812,1.7560272,9.322754,-0.17112732,0.56962585,-0.5036621,-0.73986816
1515654183914,3.5708313,10.39296,0.71232605,0.0135650635,-1.0597382,-0.5140381
1515654184016,-1.7825928,15.619507,-1.8135529,-1.9124451,0.2260437,1.2798615
1515654184120,4.1645966,11.060944,4.531082,-1.3297424,-0.20007324,1.0401764
1515654184223,2.8477936,6.9764404,2.4122162,-0.24636841,2.3885193,1.031662
1515654184325,1.241272,7.148819,3.2238464,0.52168274,0.7831726,1.0742645
1515654184427,7.684082,7.682724,5.3786316,0.38853455,0.92910767,0.6971741
1515654184530,5.886032,5.0754395,4.5670013,0.36721802,0.8076782,1.0348511
1515654184632,0.8869324,23.019989,1.3013,0.5824127,1.4553528,-0.27116394
1515654184734,-1.3205109,15.085602,1.9309845,1.1555176,0.66600037,-0.768631
1515654184837,-0.76026917,8.827164,2.079422,1.5635223,0.3751831,-0.8112488
1515654184939,2.9674988,8.353104,1.0235748,0.9009247,0.13868713,-0.45544434
1515654185041,2.3689423,8.726608,0.80570984,0.77841187,0.24841309,-0.19659424
1515654185143,1.2747955,9.478378,0.59262085,0.8689575,0.15040588,-0.37875366
1515654185245,2.067276,9.186295,0.9493561,0.3544464,-0.51005554,-0.43307495
1515654185348,1.9260254,8.863068,0.7051544,0.05935669,-0.40246582,-0.7132416
1515654185450,-0.30776978,14.029755,-3.276413,-0.10255432,1.1656036,0.5906372
1515654185553,2.5341492,8.286072,0.89907837,-1.1273346,0.28675842,0.8931732
1515654185655,-0.3221283,8.77449,2.8695068,-1.0335999,0.6074066,0.66308594
1515654185758,0.9324341,8.166351,2.680359,-0.5180054,0.44548035,0.92300415
1515654185859,3.0991821,8.79364,3.2214508,-0.06100464,1.1805115,1.1317902
1515654185960,3.166214,7.294861,4.00914,0.252182,1.0324402,0.8612213
1515654186062,3.9491272,6.5789948,5.143997,0.38639832,1.0473633,0.92726135
1515654186164,5.7495575,5.7793427,5.043442,0.8039856,1.504364,0.6428375
1515654186266,-2.5702972,18.791824,1.7154999,1.1906738,-1.5146027,1.9073029
1515654186368,2.6945648,17.43431,-4.6147614,1.8926849,0.98023987,0.47772217
1515654186470,-2.9916687,10.728149,-2.8167267,1.1491241,0.6713257,-0.7132416
1515654186573,4.131073,8.264526,2.558258,0.7294159,-0.26185608,-0.559845
1515654186676,1.8709564,9.100098,1.2246857,0.7336731,-0.23309326,-0.45544434
1515654186778,2.3234558,9.308395,0.25743103,0.48866272,0.027893066,-0.50445557
1515654186882,4.303467,9.36824,0.3986969,0.072143555,-0.6304321,-0.66529846
1515654186985,0.76483154,15.121521,-2.3737946,-0.010940552,1.5171356,1.3288727
1515654187087,-1.5479584,7.7090607,3.6715698,-2.2991333,-0.3428192,1.0508423
1515654187191,4.3728943,8.563797,4.3395386,-0.655426,0.979187,1.1019745
1515654187294,1.4376068,7.761734,1.6005859,0.40344238,1.5267334,1.0774689
1515654187397,4.0999603,9.432892,1.6604309,1.2109222,1.7973022,0.6843872
1515654187499,1.1933899,8.039459,3.9468994,0.9808197,1.9752045,1.0444489
1515654187602,9.690414,5.729065,3.664383,1.6806946,2.2628174,1.2798615
1515654187704,-1.8352661,5.554291,2.242218,1.1193085,2.2756042,-0.24133301
1515654187808,2.5963898,4.270996,0.5950165,-0.63305664,1.3008881,-0.8389435
1515654187911,-0.3963623,8.226212,2.7545776,1.0617828,-0.17875671,-0.35850525
1515654188014,2.0002441,7.8120117,1.624527,1.3611145,1.8335266,-0.057037354
1515654188116,2.328247,6.7394104,0.9924469,1.3003998,1.0271149,0.1272583
1515654188218,-2.4960632,10.1032715,-1.4687805,1.0948029,1.2944946,-0.559845
1515654188320,1.9786987,10.146362,-0.7026367,0.79226685,1.1016846,-0.50871277
1515654188423,1.8901062,10.491135,-0.49195862,0.25750732,0.3048706,-0.76330566
1515654188525,2.9100342,12.468735,-0.11845398,-0.29110718,1.424469,0.46813965
1515654188626,1.8661652,13.840622,0.84161377,-2.4781036,-0.009384155,2.2460632
1515654188729,4.866104,8.697876,2.8407745,-0.6788635,1.5491028,1.6793365
1515654188832,-2.546341,7.5893555,1.6652222,-0.12918091,1.7408447,1.3842621
1515654188935,2.845398,6.7130737,3.4656677,0.697464,0.7064667,0.59277344
1515654189037,3.779129,6.780121,5.194275,0.7432709,1.4276581,0.055877686
1515654189139,2.8717346,6.2581787,6.807968,0.116882324,0.4859619,0.5597534
1515654189242,9.1493225,9.701035,4.866272,-0.20162964,-1.6850433,2.4889374
1515654189344,2.5700684,17.300232,-4.6339264,1.6263733,-1.4421692,-0.4405365
1515654189448,0.23092651,11.353043,-1.3945618,1.1789551,-1.0458832,-0.6738281
1515654189550,3.5947723,8.405777,1.7849274,0.70918274,-0.17982483,-0.5332184
1515654189652,1.6435089,8.439301,0.5207977,0.5610962,-0.56544495,-0.4128418
1515654189754,2.2635956,9.200653,-0.04423523,0.54725647,-0.66877747,-0.653595
1515654189856,4.1358643,9.835114,-0.5709686,0.17547607,-0.83177185,-0.5140381
1515654189959,-3.4729004,14.206924,-2.4288635,-1.147583,0.2068634,1.3927917
1515654190061,3.142273,11.52063,2.8790894,-1.0335999,-0.8765106,0.842041
1515654190164,0.63793945,5.657242,2.0602722,-0.96754456,0.44654846,0.8782654
1515654190266,2.0768585,6.650833,2.929367,-0.3475647,0.1365509,0.16879272
1515654190369,5.766327,7.088974,3.985199,-0.0460968,0.34109497,-0.008041382
1515654190471,3.5085907,7.718643,3.044281,-0.45515442,0.18023682,-0.06556702
1515654190574,5.9195557,8.855881,5.9005585,0.74220276,-0.47917175,-0.4181671
1515654190676,2.5317535,-1.4966431,9.673828,-0.3156128,-1.072525,-1.3747711
1515654190779,-0.4179077,6.3156433,4.6244507,-0.073791504,-0.45680237,-0.7515869
1515654190881,2.311493,9.413742,0.45854187,0.54086304,-1.6126099,-0.6429291
1515654190983,2.3881073,9.413742,0.48727417,0.38746643,-0.68370056,-0.36810303
1515654191085,2.8860931,8.511124,1.083435,0.3768158,-0.6847687,-0.54493713
1515654191188,2.6155548,9.504715,-0.14479065,0.33847046,-0.6240387,-0.7878113
1515654191292,2.9818573,11.848633,-0.8391113,-0.12173462,-0.06690979,0.75468445
1515654191394,-2.6995697,11.44162,-0.8558655,-1.260498,-0.15638733,0.058013916
1515654191496,1.0186157,11.702591,0.7243042,-0.8738098,0.030029297,0.57891846
1515654191601,1.6459045,8.204666,2.1368866,-0.9696808,0.18556213,0.66308594
1515654191703,2.1893768,7.8934174,3.3986206,-0.50523376,0.54881287,0.6055603
1515654191805,3.4056396,6.622101,4.7657166,0.5121002,0.6095276,0.16134644
1515654191908,3.5325317,8.022705,6.523056,-0.15582275,1.3030243,0.635376
1515654192010,3.3050842,24.106949,1.7657776,-0.6543579,-1.0192566,0.58638
1515654192111,2.5796356,20.925064,-0.80081177,1.5294342,-0.6261749,-0.78567505
1515654192214,-0.8416748,9.708221,-0.36984253,1.5869598,-0.8733063,-0.928421
1515654192316,2.2971191,7.8191986,-0.26689148,0.66230774,-0.53456116,-0.59606934
1515654192419,1.9523621,9.32515,1.2725677,0.16375732,-0.9766388,-0.45437622
1515654192521,2.256424,8.051437,1.2558136,-0.1984253,-0.547348,-0.52682495
1515654192625,2.5365448,9.454437,-0.26689148,-0.5744629,-1.0139313,-0.2871399
1515654192728,0.6977997,12.145523,0.86795044,-1.3968506,-0.6016693,0.8100891
1515654192830,3.3218384,11.096863,4.1934967,-0.36886597,0.42736816,0.9869232
1515654192933,-0.30297852,7.290085,2.1201172,-0.7800598,0.89183044,0.6620178
1515654193035,4.0544586,7.663574,4.6747284,0.64419556,0.9536133,0.21885681
1515654193140,3.4223938,9.382614,0.3484192,0.8316803,0.46998596,0.20288086
1515654193243,1.6171722,8.841522,6.5637665,-0.7246704,-0.02961731,0.5821228
1515654193346,1.5836487,8.661957,3.9947815,-0.16221619,1.4074249,0.19543457
1515654193450,1.9427795,8.175934,4.66037,-0.34649658,0.74269104,-0.003768921
1515654193554,-0.0061035156,6.9620667,5.1344147,-0.17926025,0.3645172,-0.23919678
1515654193656,-3.7769623,17.870056,6.3195496,-2.233078,-0.5675812,-0.15397644
1515654193759,3.9227905,15.200516,6.436859,0.41941833,0.9056854,-1.0583954
1515654193862,-0.049194336,7.1775513,7.2485046,1.1672363,-2.93779,-0.848526
1515654193964,2.493454,6.1264954,1.3898926,1.6348877,-0.112716675,-0.7430725
1515654194066,2.1726227,9.356277,1.2246857,0.5621643,-0.4940796,-0.4597168
1515654194169,2.1079865,8.307617,0.82725525,0.7294159,-0.6517334,-0.3467865
1515654194271,1.4878845,9.708221,0.85598755,0.36828613,-0.86479187,-0.5001831
1515654194374,2.0481262,9.416138,-0.30760193,-0.025863647,-0.89035034,-0.52256775
1515654194476,3.027359,9.152771,0.47531128,-0.5648804,-0.98516846,-0.5843506
1515654194581,-1.8951263,13.960327,-1.2485199,-1.9028473,-0.67837524,1.4055634
1515654194683,5.052841,12.856598,2.9221802,-0.76408386,0.9781189,1.0678864
1515654194786,-1.1385651,6.7274475,0.44418335,-0.8716736,1.0345764,0.94750977
1515654194890,3.2619781,6.310852,2.9269714,-0.23571777,0.5775757,0.9805298
1515654194992,3.1566467,7.345154,4.612488,0.21702576,0.5541382,0.44256592
1515654195094,3.159027,7.737793,4.4257355,-0.019470215,1.0931702,0.44256592
1515654195196,4.7224426,6.3515472,3.7864838,0.5312805,0.4252472,0.3115387
1515654195299,12.695145,22.165253,2.3188324,-0.111083984,-2.2112885,2.8394165
1515654195400,-0.099472046,16.747177,-0.9707947,1.3802948,-2.3891907,-1.5228424
1515654195503,5.8237762,10.376205,0.45614624,1.1587219,-1.1119385,-1.0189667
1515654195605,2.0792542,8.434509,1.2486267,0.7070465,0.006591797,-0.66529846
1515654195707,1.4328156,8.939682,0.9709015,0.8636322,-0.2991333,-0.45437622
1515654195810,1.4950714,10.165512,-0.786438,0.27241516,-1.0757141,-0.56303406
1515654195911,5.210861,8.451263,0.59980774,0.034866333,-0.4397583,-0.45118713
1515654196013,0.46076965,13.25882,1.004425,-0.24316406,-0.33003235,0.6130066
1515654196116,2.4120483,14.149475,1.6652222,-1.6354675,-2.15802,1.6921234
1515654196219,0.68582153,8.1232605,1.253418,-1.2754059,-0.16384888,0.6897125
1515654196321,0.070510864,7.0913544,2.795288,-0.80989075,0.8566742,1.0518951
1515654196424,4.940323,7.8503265,4.262924,-0.10787964,1.1698608,0.3818512
1515654196526,3.4199982,7.076996,3.7481842,0.23086548,1.7046204,0.5799866
1515654196628,1.0760803,4.5702667,4.6507874,0.6303406,0.90141296,0.060134888
1515654196730,-1.229538,21.877945,8.206177,0.034866333,-0.8530731,-0.3105774
1515654196835,-0.5759125,7.484009,2.1225128,1.2790985,-0.046661377,-2.0171204
1515654196937,-0.4490204,5.6452637,8.483902,0.76882935,0.0619812,-0.70791626
1515654197039,1.7536316,7.5941467,0.4824829,1.0394135,-0.35133362,-0.6120453
1515654197143,2.0529175,8.228607,1.4449615,0.9850769,-1.1225891,-0.6173706
1515654197246,2.900467,8.834335,-0.0418396,0.022079468,-1.470932,-0.6429291
1515654197348,2.316269,9.104889,-0.11128235,-0.11427307,-0.4056549,-0.48846436
1515654197450,-1.3588257,17.518112,-2.8406677,-1.4863281,0.29634094,1.2361908
1515654197552,3.312271,10.242126,1.9836578,-0.9451752,0.97491455,1.2031708
1515654197653,0.25486755,5.657242,2.5750122,-1.133728,0.57225037,0.9485626
1515654197755,1.3059235,6.8112335,2.364334,-0.36886597,1.0697327,0.7866516
1515654197859,4.2076874,7.938904,4.4927673,0.16375732,0.6031494,0.760025
1515654197962,4.8876495,7.1272736,4.713043,0.09983826,0.86839294,0.9581604
1515654198064,3.3697205,5.149658,4.4017944,1.0564575,0.4263153,0.12831116
1515654198169,7.427902,1.3644257,-0.5805359,-2.1883392,2.2159576,-0.3478546
1515654198272,0.89411926,11.159103,0.10180664,-0.18670654,-1.2056732,-0.0016479492
1515654198373,3.6378784,7.0841827,3.7864838,0.730484,-0.53030396,-0.9326935
1515654198476,1.6865997,8.966019,0.5782623,0.6612396,0.1472168,-0.47355652
1515654198578,2.335434,9.741745,-0.2692871,0.5536499,-0.7976837,-0.47676086
1515654198681,3.3050842,8.618866,0.846405,-2.90E-04,-0.6016693,-0.46290588
1515654198783,3.3457794,8.896591,-0.9636078,-0.93452454,-0.549469,-0.40963745
1515654198889,-1.1241913,12.40889,-1.5406189,-1.625885,-0.016845703,1.2979736
1515654198991,4.3776855,10.78801,2.0626678,-0.73638916,1.1592102,1.1211395
1515654199094,2.65625,6.6843414,2.3739014,-0.00881958,1.9336548,1.031662
1515654199197,4.648224,8.913345,2.4122162,0.92115784,2.1499023,0.95602417
1515654199301,3.4990082,7.5726013,2.8647156,0.777359,2.0337982,0.77279663
1515654199403,4.166992,6.5023804,3.8630981,0.89559937,1.7014313,0.7845154
1515654199505,3.7743378,12.511841,6.9588013,0.9307556,1.4489594,0.35627747
1515654199608,-1.7442932,10.86702,7.325119,0.82528687,0.9919586,-1.8690491
1515654199710,-1.0451813,9.612457,5.108078,0.7901306,0.8662567,-0.51297
1515654199814,2.845398,7.108124,2.03154,1.1363525,1.55336,-0.50445557
1515654199916,1.4759064,9.198257,0.72190857,1.0926666,0.79063416,-0.23280334
1515654200019,1.6051941,10.081726,0.8368225,0.6867981,0.29208374,-0.1859436
1515654200120,2.3665466,9.552597,-0.20704651,0.34059143,0.12057495,-0.34146118
1515654200222,3.0536957,8.867859,0.7266998,-0.12173462,-0.04133606,-0.3670349
1515654200324,0.34106445,9.669922,-3.6116028,-1.9039154,0.7086029,-0.23493958
1515654200427,7.0807343,13.146301,-4.1885986,-1.2242737,-0.629364,1.5163574
1515654200531,3.621109,10.962784,-1.1671143,-0.026916504,2.8774872,1.1765289
1515654200636,3.937149,8.805603,3.4800262,0.66763306,3.6316833,0.8612213
1515654200740,1.5357666,8.638016,2.3595428,0.46522522,2.205307,1.3065033
1515654200842,3.0584717,7.366699,2.6779633,1.0319519,1.904892,1.6175537
1515654200944,6.51091,7.72583,2.249405,1.370697,2.3054352,1.6122284
1515654201047,4.2076874,5.5973816,2.9461212,0.730484,1.4084778,0.86761475
1515654201151,-0.087509155,1.3117523,5.2684937,-1.2082977,2.9286194,-1.7955475
1515654201254,3.9970093,9.291626,1.684372,0.43113708,0.18449402,-0.8357544
1515654201359,-1.0619354,8.676315,0.86076355,0.96803284,1.2092743,-0.78567505
1515654201466,1.9858704,7.7593384,0.80810547,1.1406097,1.666275,-0.35743713
1515654201569,0.070510864,9.349091,0.16885376,0.53660583,-0.33003235,-0.49380493
1515654201672,2.8860931,8.377045,0.15927124,0.14671326,-0.45040894,-0.5204315
1515654201776,-1.7682343,14.949127,1.0163879,0.056167603,1.0367126,1.2766724
1515654201879,-0.29818726,13.601196,4.4137726,-1.4458618,-2.1601562,1.5504456
1515654201981,1.0497437,6.2031097,1.2821503,-1.2051086,0.40820312,1.0050354
1515654202084,-1.0092773,6.0450897,4.1144867,-0.9015045,0.5413513,1.174408
1515654202186,3.858139,7.4552765,4.50235,-0.11747742,0.36772156,0.62472534
1515654202289,4.404022,8.149597,5.692276,-0.12385559,1.6502991,0.5544281
1515654202394,3.0608673,4.247055,6.0418243,0.33740234,0.52963257,0.4361725
1515654202497,20.842606,19.383194,0.82725525,0.7869415,-1.7777252,2.9342194
1515654202600,0.2788086,19.610641,-0.24534607,1.687088,-2.2613525,-1.4013977
1515654202708,3.7144928,8.81279,2.5079803,0.6889343,-1.02565,-0.9135132
1515654202810,3.1470642,8.183121,1.3084869,1.0436707,-0.35986328,-0.66529846
1515654202912,0.8605957,7.912567,-0.04423523,1,-0.4482727,-0.65997314
1515654203014,1.8829193,10.270859,-0.11605835,0.07321167,-1.3825073,-0.58540344
1515654203116,3.906021,7.8191986,1.253418,-0.20056152,-0.8488159,-0.44799805
1515654203221,-5.9485016,16.318619,-2.0625458,-1.3712921,-0.09567261,0.7014313
1515654203324,4.976227,11.077713,4.4688263,-0.7566223,0.18875122,1.177597
1515654203426,-0.85365295,5.6644135,1.5263519,-1.067688,0.26332092,0.55122375
1515654203528,1.4663391,6.6173096,3.2861023,-0.9558258,-0.056259155,0.86761475
1515654203630,6.233185,6.1504364,5.328354,0.19038391,0.06732178,0.32539368
1515654203733,2.9818573,8.841522,3.7242432,-0.06100464,1.1719971,0.59384155
1515654203836,3.2955017,13.5030365,3.7218475,0.7283478,-0.24053955,1.0242004
1515654203940,0.50865173,10.6970215,1.6700134,1.1896057,-2.9409943,-2.3004913
1515654204042,2.529358,5.7434235,4.6579742,0.810379,-1.3601379,-1.4504089
1515654204145,1.3562012,7.0650177,1.174408,0.61968994,-0.8488159,-0.4874115
1515654204247,1.6195679,9.186295,0.18800354,0.6793518,-0.76252747,-0.5204315
1515654204356,0.5637207,9.708221,-1.8949585,0.5110321,-0.5505371,-0.40431213
1515654204458,2.2444458,9.389801,-0.3267517,-0.10043335,-1.2706604,-0.47994995
1515654204561,2.1846008,10.92926,-0.5039215,-0.6447754,0.11206055,0.17092896
1515654204663,2.2899323,14.099182,-0.8391113,-2.6634521,-2.109024,1.1722717
1515654204769,5.569992,9.569366,2.292511,-0.9441223,0.7821045,0.91874695
1515654204873,-2.9820862,7.1344604,2.3068695,-0.8130951,0.500885,1.2170105
1515654204976,3.5421143,6.646042,3.5733948,0.28199768,0.5125885,0.31900024
1515654205079,5.672943,7.081787,3.7745209,0.63461304,1.476654,0.6343231
1515654205182,4.2627563,4.9006653,4.4855957,0.4641571,0.94615173,0.48625183
1515654205284,2.098404,28.880997,3.8654938,-0.91108704,-1.4378967,0.8356476
1515654205387,4.4327545,20.862808,1.004425,1.7254333,-0.34707642,-0.6205597
1515654205489,2.3857117,9.229385,1.3348236,1.1480713,-0.31298828,-0.9167023
1515654205592,3.8940582,7.191925,1.8495789,1.0308838,-0.009384155,-0.6386719
1515654205694,1.1862183,8.130447,0.54473877,0.8647003,-0.66877747,-0.17848206
1515654205796,1.849411,10.242126,-0.9731903,0.16696167,-1.3729248,-0.59606934
1515654205900,3.4990082,9.727371,0.3819275,-0.11747742,-0.8232422,-0.71110535
1515654206005,-0.42507935,13.354599,-3.300354,-1.5268097,0.4018097,0.9400482
1515654206108,5.9698334,10.189453,6.542206,-1.0719452,-1.1023407,1.4673462
1515654206211,1.7344818,6.899826,2.2254639,-0.30389404,1.3520203,0.97413635
1515654206313,0.2381134,7.0410767,3.2669373,0.036987305,1.314743,1.3171539
1515654206417,5.1845245,7.7569427,4.5670013,0.20210266,0.8332367,0.89849854
1515654206524,2.1606598,8.029892,4.7345886,-0.16540527,1.2422943,0.7067566
1515654206626,3.4750671,4.2614136,4.5406647,0.77841187,1.3605499,0.46174622
1515654206727,6.8868103,-5.0831604,8.658691,0.2319336,1.7866516,-1.6943512
1515654206830,-3.5495148,7.8120117,-0.43928528,1.1683044,-1.3345795,-1.2352295
1515654206932,4.8732758,9.636398,1.7418365,0.5792084,-1.1268463,-0.57369995
1515654207034,3.3026886,8.930115,0.57107544,0.9094391,-0.3183136,-0.48527527
1515654207136,1.2676086,8.949265,0.08026123,0.56643677,-0.9670563,-0.35211182
1515654207237,1.933197,9.502319,-0.5470123,0.10411072,-1.4624023,-0.62483215
1515654207341,4.2579803,8.87265,1.0690613,-0.2879181,-0.90634155,-0.6365509
1515654207443,-0.54000854,13.945953,-1.3969574,-0.831192,0.091812134,0.75575256
1515654207545,4.521332,10.227768,4.7274017,-0.53292847,-0.5260315,1.0668182
1515654207647,-1.0619354,7.888626,1.3755188,-0.48284912,0.27078247,0.9432373
1515654207750,0.47512817,9.499924,1.4497375,-0.7278595,1.1901093,1.1616211
1515654207852,1.9212341,9.566971,3.681137,0.105163574,1.6865234,0.88998413
1515654207954,2.6466827,9.14798,1.3827057,0.716629,1.2806549,0.36054993
1515654208061,1.7129364,8.49675,2.4337616,0.33740234,0.4848938,0.21885681
1515654208164,3.6115417,9.210236,3.171173,-0.05355835,-0.25971985,0.081451416
1515654208266,1.9715118,8.676315,4.578964,0.18612671,-0.31510925,-0.15078735
1515654208368,3.7815247,7.6132965,3.4010162,-0.18138123,-0.48661804,-0.36489868
1515654208469,2.5006256,7.325989,3.6931152,-0.10787964,-0.75187683,-0.1433258
1515654208572,3.7887115,10.041016,5.036255,-0.06846619,-0.66238403,-0.20831299
1515654208674,2.4120483,8.027496,3.1065369,-0.28471375,0.18235779,-0.2690277
1515654208777,2.73526,8.216629,4.5957184,-0.15261841,-0.23841858,-0.16783142
1515654208880,3.1494598,8.815186,4.1049194,0.031661987,0.18556213,-0.2402649
1515654208982,2.7711792,7.80484,3.075409,-0.026916504,-0.067977905,-0.02720642