time, accel x, accel y, accel z, gyro x, gyro y, gyro z
1515663996706,0.047851562,3.3643036,10.083359,0.0,0.0,0.0
1515663996727,0.047851562,3.3643036,10.083359,0.0,0.0,0.0
1515663996747,0.047851562,3.3643036,10.083359,0.0,0.0,0.0
1515663996768,0.047851562,3.3643036,10.083359,0.0,0.0,0.0
1515663996789,-0.25602722,3.0867462,9.76033,0.12414551,-0.2677307,0.19485474
1515663996810,0.2871399,3.5557404,9.3703,0.14614868,-0.21763611,0.08734131
1515663996832,-0.5647125,3.4695892,9.353546,0.1669159,0.25146484,0.18141174
1515663996852,0.021530151,3.5461578,9.61676,0.2512207,0.5068207,0.24494934
1515663996873,0.36849976,2.9694977,8.379669,0.33917236,0.234375,0.1826477
1515663996894,0.61016846,3.4576263,8.504089,0.20721436,-0.14801025,-0.021377563
1515663996919,-0.39242554,3.1680908,8.884552,0.054504395,-0.22131348,-0.09712219
1515663996944,-0.32781982,3.7662964,8.391632,-0.10795593,0.21972656,0.114227295
1515663996965,0.119644165,2.7350006,9.365509,-0.18858337,0.4493866,0.00793457
1515663996987,0.5694885,2.6967163,9.702896,-0.024887085,0.29179382,-0.56015015
1515663997008,-1.6917267,3.7160492,8.726624,0.14247131,-0.30073547,-0.4819641
1515663997031,0.033493042,3.8165588,8.061417,-0.27900696,-0.35813904,0.093444824
1515663997053,0.9451599,3.4743805,9.456436,-0.36453247,-0.28240967,-0.20950317
1515663997074,-0.2679901,3.1633148,9.363113,-0.072525024,0.06700134,-0.43919373
1515663997095,-0.69869995,3.505478,9.085556,0.18156433,-0.10891724,-0.3964386
1515663997117,-1.1509552,4.063019,7.865204,0.25242615,-0.23596191,0.073898315
1515663997138,-1.2562256,4.266403,7.0660095,0.14369202,-0.0124053955,0.58335876
1515663997161,0.42591858,3.419342,5.613556,-0.07131958,0.7865906,1.0072937
1515663997191,2.4191437,2.7062836,7.204788,-0.32176208,2.0376434,0.24250793
1515663997221,-0.0382843,2.8139648,7.602005,0.27442932,2.908722,-0.85580444
1515663997245,-0.007171631,3.0197449,6.6807556,0.9011688,3.94841,-1.1319122
1515663997266,1.8879395,2.297104,3.4504547,0.9036102,4.263626,-1.9883575
1515663997287,3.3619232,-0.31585693,5.2737885,0.9170532,4.294159,-3.5790405
1515663997308,-4.0869446,-4.3453674,4.043869,1.9481812,3.4976044,-4.3878326
1515663997332,-4.381256,1.5314026,1.8831482,1.384964,3.3338928,-3.1379852
1515663997353,-4.7617188,0.0143585205,3.3212433,0.8779602,2.8109894,-2.859436
1515663997375,-5.1062775,-0.99302673,5.108673,0.69348145,3.0492249,-2.6871643
1515663997396,-5.6973114,-1.450058,4.405182,0.63604736,3.4181976,-2.8912048
1515663997417,-5.9126587,-1.7682953,5.7332,0.59451294,3.0101318,-3.3347015
1515663997439,-7.0157623,-3.1752777,8.080566,1.0221252,3.109085,-3.8918
1515663997460,-11.36351,-2.9120636,7.2717896,1.9408569,3.600235,-4.054291
1515663997482,-13.052841,-3.3619232,2.8498535,2.2487335,3.0431213,-3.7244263
1515663997504,-12.9021,-3.1824493,1.0911255,1.8541107,2.0669556,-3.4165344
1515663997527,-12.191437,-3.448059,3.3619232,1.5608978,1.6576691,-3.1770782
1515663997549,-12.067001,-4.208969,3.505478,2.0422516,1.3791199,-3.0023804
1515663997571,-11.550156,-5.11586,0.5048828,2.066681,0.94174194,-2.9755096
1515663997593,-11.19841,-5.625519,-0.071777344,1.7795868,0.71817017,-3.039032
1515663997616,-11.559723,-6.3385925,2.2253265,1.8504333,1.309494,-3.169754
1515663997639,-12.10051,-6.6783752,2.1511536,2.31958,2.3736267,-3.0964508
1515663997662,-11.614761,-6.1327972,-0.4737854,2.526062,2.8403015,-3.056137
1515663997685,-11.837296,-7.2669983,-4.754532,1.8724365,2.0840607,-3.1025696
1515663997706,-15.818954,-6.817154,-10.937592,0.21456909,1.2154083,-2.5356903
1515663997728,-15.818954,-6.817154,-10.937592,0.21456909,1.2154083,-2.5356903
1515663997749,-15.818954,-6.817154,-10.937592,0.21456909,1.2154083,-2.5356903
1515663997770,-9.568893,-7.523041,2.8713837,-0.98760986,-2.4106293,-0.86680603
1515663997792,-8.616562,-7.841278,4.5056915,0.3648224,-2.7954865,-1.1160278
1515663997813,-8.276779,-6.6831512,4.031906,0.57496643,-1.8327637,-1.0060883
1515663997834,-10.167099,-4.9411774,3.7591248,1.0697632,-0.36914062,-0.65667725
1515663997855,-8.444275,-3.1896362,-0.33021545,1.254242,0.22337341,0.08856201
1515663997876,-6.757324,-2.498108,0.6771698,0.35871887,1.2142029,0.43798828
1515663997897,-6.3960114,-5.7475586,5.2953186,0.95370483,2.0095367,0.51737976
1515663997919,-3.0628204,-7.044464,-0.8494568,1.3275452,1.8079529,-0.033584595
1515663997941,-6.886551,-6.6424713,-1.3375854,1.0147858,0.48483276,-1.1746826
1515663997963,-6.7812653,-2.297104,0.47616577,0.84129333,0.45794678,-0.6762085
1515663997984,-10.490128,-0.73698425,0.624527,0.1828003,1.0065002,-0.28771973
1515663998006,-12.605392,-1.9453583,2.0003967,-0.39994812,1.8006287,1.098938
1515663998028,-7.1569366,-3.7088776,2.2372894,-0.9949341,0.77804565,2.1850433
1515663998051,-1.6630096,-4.9579315,-0.14596558,-1.6363525,-0.28849792,1.4898834
1515663998074,-2.3569336,-5.54895,-1.3399811,-2.3388367,-0.23475647,0.59924316
1515663998098,-4.8837585,-7.721634,-2.148758,-1.8403625,0.009567261,0.25227356
1515663998120,-4.060623,-5.9413757,-2.2636108,-1.444519,-0.5487366,-0.26939392
1515663998142,-7.697708,-5.0847473,0.4857483,-1.2197418,-0.53163147,-0.26815796
1515663998164,-8.580658,-7.819748,2.2660065,-0.70661926,-1.9836426E-4,-0.00793457
1515663998186,-11.006989,-9.497116,3.9553375,-0.27168274,1.1714325,-0.27671814
1515663998207,-15.900299,-11.887543,2.7996063,0.7521057,1.7517548,-0.2669525
1515663998229,-11.26062,-10.585846,-3.2183533,0.99768066,1.6662292,0.1508789
1515663998251,-8.958725,-6.530014,-1.2394867,0.7032471,0.9881897,-0.73854065
1515663998273,-12.985855,-7.068405,2.6799622,0.93414307,1.2044373,0.082458496
1515663998295,-12.270401,-10.944778,-1.2179413,0.777771,1.733429,1.2382202
1515663998316,-12.30629,-9.997208,-2.3401794,0.1388092,1.2679443,2.1899261
1515663998340,-16.060623,-6.793228,-1.9525452,0.19377136,0.25881958,2.7617035
1515663998362,-10.037888,-3.866806,-0.6077728,-0.26800537,0.6302185,3.1208954
1515663998383,-5.0440674,-7.326828,-2.313858,-0.55389404,1.414566,2.1325073
1515663998405,-1.7060852,-7.5876465,-1.4859467,0.14859009,-0.22743225,1.0781555
1515663998426,0.2416687,-0.36131287,-0.22253418,0.1058197,-1.5566559,1.3493805
1515663998448,0.107681274,1.8305054,1.6773682,-0.13362122,-0.24331665,1.2479858
1515663998470,-0.6029968,0.34217834,-0.68673706,0.04473877,-0.09059143,1.2663116
1515663998492,-1.5098724,-0.5934143,-2.222931,-0.44883728,-0.46565247,1.1453552
1515663998517,-0.825531,-0.87098694,-2.8330994,-0.9338379,-0.22743225,0.65911865
1515663998539,0.13639832,-1.1437683,-1.730011,-1.9955292,0.8574524,-2.2265778
1515663998560,-4.369293,-2.3042908,0.65563965,-1.9454346,1.5013123,-3.3420258
1515663998581,-3.1345978,-2.904892,0.5431671,-1.5202789,2.13414,-4.122696
1515663998602,-15.108276,-10.243668,1.1174469,0.4136963,-0.16755676,-4.210678
1515663998623,-16.687546,-11.870789,-2.8522491,2.0654755,-1.7423553,-4.098282
1515663998644,-18.723846,-13.8137665,-1.8305054,2.154663,-2.0978851,-3.3798828
1515663998665,-14.359329,-11.681763,-4.3334045,0.43322754,1.1188965,-1.6425934
1515663998686,-8.27916,-9.308075,-6.707077,-0.17025757,1.0773621,-1.085495
1515663998707,-5.967697,-7.8388824,-3.4911346,-0.34742737,0.53125,-1.488678
1515663998728,-5.4293213,-7.5469666,-2.5579224,-0.7029419,0.47506714,-1.5558624
1515663998750,-5.223526,-7.4321136,-0.8279114,-0.90086365,0.046218872,-1.5546417
1515663998771,-5.477173,-7.7695007,0.6963043,-0.45492554,-0.2897339,-1.6474762
1515663998792,-5.5944214,-7.7001038,2.0554352,0.13270569,0.300354,-1.8393097
1515663998813,-4.256836,-7.3363953,2.646469,0.93414307,0.8379059,-1.785553
1515663998834,-3.373886,-7.147354,2.6105652,1.8235626,1.733429,-1.6291504
1515663998856,-2.8881378,-7.0827484,1.5361938,1.8553314,3.3106842,-0.88635254
1515663998877,-1.5768738,-6.111267,-3.2949219,1.7527008,2.5971985,-1.1600189
1515663998898,-1.6031952,-5.3862457,-2.3928223,0.91825867,1.8690338,-2.0482178
1515663998920,-1.7204437,-5.9892426,-1.3399811,0.4295807,1.9496765,-2.8215637
1515663998940,-2.6033936,-6.364914,0.9260254,0.93170166,2.1830292,-3.0818024
1515663998962,-2.5794678,-6.295517,1.0695953,1.9762726,1.4072418,-2.8044586
1515663998983,-1.1485596,-5.3886414,0.653244,2.7252045,1.1201324,-2.5381317
1515663999004,0.17706299,-6.300308,-2.8259277,2.9353333,0.02180481,-2.5601196
1515663999025,0.48812866,-9.080765,-2.7134552,2.4454193,-1.5163422,-2.45018
1515663999046,0.42114258,-14.517258,1.5050812,1.542572,-2.3813324,-2.0188904
1515663999069,-1.076767,-21.044876,0.8638153,0.5260925,-1.8303223,-0.20829773
1515663999090,-1.3495483,-25.21556,1.9094696,-0.6552887,-0.50598145,2.3683014
1515663999111,2.1918182,-21.59523,3.4863434,-0.7603607,0.78170776,3.7097626
1515663999131,4.3453674,-9.92543,-2.868988,-0.26312256,1.1873169,2.5955353
1515663999153,-0.6460571,-5.883957,-0.110076904,-0.23623657,-0.7136688,-0.6175842
1515663999174,-3.653839,-9.834503,0.086135864,0.16201782,-0.48397827,-0.28892517
1515663999195,-1.6414795,-9.963715,-0.80158997,0.0569458,-0.23352051,0.026260376
1515663999216,-1.8759766,-8.405991,0.899704,-0.34864807,-0.07470703,-0.005508423
1515663999237,-2.1678925,-9.427719,-0.22732544,-0.0309906,0.24414062,-0.009170532
1515663999258,-2.4550323,-9.949356,0.057434082,-0.6345215,-0.17245483,0.2644806
1515663999279,1.5481567,0.55274963,1.4476624,-0.6479645,-0.5963745,-0.8631439
1515663999301,-3.981659,-8.930008,1.7778625,-0.09085083,-0.6415863,-1.7806549
1515663999322,-4.412369,-10.861023,2.8115692,0.51753235,-0.5572815,-1.2100983
1515663999343,-3.3116608,-10.9040985,1.421341,0.95370483,-0.22499084,-0.63591003
1515663999364,-1.2681885,-12.052643,0.99302673,0.3868103,0.0010375977,0.18997192
1515663999385,0.6652069,-12.119644,2.5818634,-0.17881775,0.7389374,0.25839233
1515663999406,1.426117,-12.129211,1.9094696,-0.14216614,1.4903107,-0.20097351
1515663999427,0.1531372,-12.969101,0.899704,0.13270569,1.3241425,-0.4428711
1515663999448,0.5886383,-12.569504,0.7896271,0.45402527,1.1689911,-0.34146118
1515663999469,0.29910278,-12.961914,-1.4237366,0.54563904,1.4255676,-0.03237915
1515663999490,1.5026855,-10.334595,-1.6438751,0.3660431,1.024826,0.30358887
1515663999511,0.36610413,-12.0,-1.7228394,0.0899353,0.7413788,0.23394775
1515663999532,0.28474426,-10.872986,-1.0121613,-0.47813416,0.2856903,0.88879395
1515663999555,1.4620209,-7.479965,0.43070984,-0.6467438,-0.011199951,0.96087646
1515663999578,0.97387695,-6.65683,1.5003052,-0.23258972,-0.50109863,0.20462036
1515663999599,-0.17706299,-8.030319,2.2947235,0.08139038,-0.3777008,0.086120605
1515663999620,-1.0528412,-9.7005005,1.7324066,0.25975037,0.091430664,0.3475647
1515663999644,-1.7371826,-10.7030945,1.134201,0.11314392,0.558136,0.6493225
1515663999665,-1.8305054,-10.37767,0.8111725,0.008087158,0.6277771,0.7018585
1515663999686,-2.0315094,-9.683746,0.59103394,0.10948181,0.19892883,0.3280182
1515663999707,-2.7972107,-9.387039,0.45942688,0.26708984,-0.33859253,-0.0836792
1515663999728,-3.620346,-9.571289,0.16270447,0.29396057,-0.6061554,-0.1618805
1515663999749,-3.5557404,-9.9015045,-0.04307556,0.23042297,-0.6635742,0.09590149
1515663999770,-2.325821,-9.762711,0.2368927,0.13026428,-0.5206299,0.21073914
1515663999798,-1.4045868,-9.595215,0.55513,-0.0639801,-0.104019165,0.19241333
1515663999820,-1.1198425,-9.8033905,1.0695953,-0.13850403,0.05355835,0.18629456
1515663999843,-0.8877411,-9.958923,1.5170441,-0.02734375,0.06578064,0.12399292
1515663999863,-0.9690857,-9.74118,1.3663025,0.12536621,0.13786316,0.022583008
1515663999885,-1.3447723,-9.767502,0.8877411,0.1693573,0.17695618,-0.03237915
1515663999906,-1.7132568,-9.588043,0.96191406,0.1510315,0.20384216,-0.11300659
1515663999927,-2.1152496,-8.970688,0.99302673,0.17300415,0.30645752,-0.11178589
1515663999949,-2.4741821,-9.477966,1.138977,0.08505249,0.29057312,-0.029937744
1515663999970,-2.3186493,-9.94696,1.7419739,0.045959473,0.25636292,0.020141602
1515663999991,-2.0267181,-9.750748,2.0626068,0.14491272,0.28323364,-0.005508423
1515664000012,-2.1056824,-9.932602,1.4620209,0.28541565,0.2661438,-0.034820557
1515664000035,-1.9477539,-9.9039,1.0121613,0.26463318,0.28935242,0.04824829
1515664000056,-1.7754669,-9.714859,0.8685913,0.2353363,0.20628357,0.05923462
1515664000077,-1.8113708,-9.894318,0.68434143,0.21209717,0.1842804,0.047027588
1515664000098,-1.6988983,-9.994827,0.83987427,0.15223694,0.20140076,0.093444824
1515664000119,-1.4691925,-10.121643,0.8949127,0.070388794,0.247818,0.09466553
1515664000141,-1.1222382,-9.729218,1.3471527,-0.023666382,0.23313904,0.06047058
1515664000161,-1.0576324,-9.57608,1.5074768,-0.033432007,0.21237183,0.04824829
1515664000183,-0.8925171,-9.533005,1.9381866,-0.07376099,0.17327881,0.03970337
1515664000205,-1.3543396,-9.796219,1.8807526,-0.012664795,0.15739441,-0.004272461
1515664000227,-1.655838,-9.848862,1.529007,0.066726685,-1.9836426E-4,6.1035156E-4
1515664000248,-1.7658997,-9.812973,1.2586212,0.027633667,-0.0014190674,0.04458618
1515664000270,-1.4165497,-9.810577,1.2251282,-0.004119873,0.02180481,0.04335022
1515664000290,-1.4524384,-9.853638,1.1413727,-0.01878357,0.018127441,0.031143188
1515664000311,-1.3686981,-9.552155,1.2346954,0.023971558,-0.07836914,0.015258789
1515664000332,-1.3136597,-9.205185,1.2131653,0.03741455,-0.12112427,-0.028701782
1515664000353,-1.9860382,-9.796219,1.105484,0.00440979,-0.061279297,-0.07879639
1515664000375,-2.555542,-10.490128,0.83987427,-0.03831482,-0.03439331,6.1035156E-4
1515664000399,-2.313858,-10.016357,0.9906311,0.039855957,-0.040512085,0.038467407
1515664000422,-2.0482635,-9.102295,0.8422699,0.0887146,0.029129028,0.045806885
1515664000446,-2.1439667,-9.533005,1.0001984,0.04840088,0.1390686,0.034820557
1515664000470,-2.5794678,-10.286743,0.8661957,0.0569458,0.19404602,0.04458618
1515664000494,-2.4191437,-10.573883,0.77049255,0.08016968,0.18183899,0.15696716
1515664000518,-1.7204437,-9.796219,0.8279114,0.10215759,0.16107178,0.22050476
1515664000541,-1.2227325,-9.181259,0.9690857,0.022735596,0.06944275,0.19485474
1515664000565,-1.0959167,-9.260223,1.8544312,-0.10429382,0.14151001,0.0995636
1515664000597,-1.6773682,-9.779465,2.2540436,0.008087158,0.24537659,0.033584595
1515664000618,-1.7682953,-9.566513,2.0913239,0.10826111,0.24293518,0.0030517578
1515664000641,-2.1248322,-9.688538,1.6414795,0.16812134,0.15618896,0.021377563
1515664000664,-1.7706909,-9.698105,1.5553284,0.19500732,0.031570435,0.11177063
1515664000689,-1.730011,-9.882355,1.4285126,0.22677612,-0.028274536,0.12155151
1515664000713,-1.9453583,-9.937393,1.0815582,0.20477295,-0.0038757324,0.1349945
1515664000737,-1.976471,-9.7005005,0.7776642,0.17424011,-0.036834717,0.1301117
1515664000761,-2.1559296,-9.647858,0.7848511,0.1058197,-0.060043335,0.09222412
1515664000784,-2.170288,-9.63829,0.87338257,0.021530151,0.06333923,0.077560425
1515664000805,-2.3066864,-9.676575,1.0600128,-0.03466797,0.09875488,0.061691284
1515664000828,-2.3521423,-9.683746,1.4883423,-0.044433594,0.115859985,0.05923462
1515664000852,-2.5339966,-9.676575,1.7180481,0.011749268,0.20384216,0.045806885
1515664000876,-2.6679993,-9.650253,1.5888367,0.04840088,0.234375,0.093444824
1515664000900,-2.617752,-9.607178,1.5074768,0.049621582,0.22216797,0.14476013
1515664000926,-2.273178,-9.564117,1.0576324,0.08627319,0.17327881,0.19729614
1515664000947,-2.1631165,-9.609573,0.89730835,0.047180176,0.13174438,0.18997192
1515664000968,-2.2588196,-9.791428,0.80877686,-0.037109375,0.06700134,0.19117737
1515664000990,-2.4837494,-10.02832,0.8111725,-0.07620239,0.020568848,0.19729614
1515664001013,-2.5651093,-9.9039,0.8159485,-0.18005371,0.055999756,0.25106812
1515664001039,-2.5746765,-9.690933,0.44984436,-0.28877258,-0.07104492,0.28160095
1515664001062,-2.5938263,-9.774673,0.44267273,-0.45736694,-0.2811737,0.3109131
1515664001087,-2.7086792,-9.726822,0.74894714,-0.4292755,-0.43756104,0.2644806
1515664001113,-2.9694977,-9.324829,1.483551,-0.4427185,-0.3935852,0.16186523
1515664001136,-2.9335938,-8.571091,2.445465,-0.50990295,-0.11380005,0.0848999
1515664001159,-3.0747833,-8.023132,2.864212,-0.25823975,-0.06248474,-0.006729126
1515664001185,-3.5940247,-8.379669,2.531601,0.08627319,-0.124801636,-0.04458618
1515664001209,-4.0175476,-8.714661,1.277771,0.24754333,-0.37890625,-0.028701782
1515664001232,-4.3621216,-9.138184,0.16989136,0.41246033,-1.0508728,0.0030517578
1515664001256,-3.9888306,-9.176468,0.021530151,0.35139465,-1.3318634,0.07879639
1515664001281,-3.5940247,-9.3703,0.3254242,0.09727478,-1.0484314,0.13375854
1515664001305,-3.225525,-9.497116,0.6269226,-0.024887085,-0.71243286,0.16552734
1515664001328,-2.904892,-9.461227,1.002594,0.04473877,-0.4595337,0.13131714
1515664001353,-2.675171,-9.061615,1.311264,0.16812134,-0.104019165,-0.0030670166
1515664001380,-2.8737793,-9.133408,1.1629181,0.20600891,-1.9836426E-4,-0.094680786
1515664001405,-3.3595276,-9.772293,1.0863342,0.10948181,-0.20054626,-0.08734131
1515664001427,-3.3092804,-10.155136,1.0624084,0.15711975,-0.5328522,0.004257202
1515664001450,-2.7062836,-9.61676,0.7298126,0.4393463,-1.0569763,-0.004272461
1515664001471,-2.646469,-9.394226,0.071777344,0.5187683,-1.223114,-0.11911011
1515664001492,-3.156128,-9.671783,-0.3756714,0.31596375,-1.1339417,-0.18873596
1515664001513,-3.5150604,-9.930222,-0.14596558,0.02885437,-0.953125,-0.18508911
1515664001534,-3.5126648,-9.891922,0.7298126,-0.11651611,-0.7246704,-0.18997192
1515664001555,-3.3762665,-9.676575,1.3974152,-0.10673523,-0.46321106,-0.25959778
1515664001579,-3.4145508,-9.585648,1.4189453,0.00440979,-0.3447113,-0.32681274
1515664001603,-3.6155548,-9.956543,1.2370911,0.10093689,-0.36914062,-0.37445068
1515664001627,-3.9242249,-10.892136,1.0049896,0.1204834,-0.44488525,-0.33047485
1515664001650,-3.8883362,-11.475983,0.36610413,0.26463318,-0.78819275,-0.2303009
1515664001676,-3.9625092,-11.521439,-0.7537384,0.48332214,-1.1962585,-0.20950317
1515664001699,-4.9387817,-11.930618,-2.1870422,0.4295807,-1.2671204,-0.2144165
1515664001721,-5.8743744,-12.708282,-1.8161469,-0.068878174,-0.7490845,-0.06903076
1515664001743,-6.580261,-13.220352,-2.1056824,-0.5477905,-0.20787048,0.09712219
1515664001768,-6.3218384,-11.715256,-3.9625092,-1.1867371,0.74017334,0.30603027
1515664001792,-4.141983,-9.7005005,-1.9262238,-2.4035797,1.6906738,0.5528259
1515664001814,-2.1128693,-9.805786,0.34457397,-2.6467133,1.8604889,0.6200104
1515664001835,-0.22492981,-9.867996,1.5433655,-2.5025482,1.7407684,0.60414124
1515664001860,0.050247192,-10.121643,2.6560364,-2.4500122,1.7016754,0.3927765
1515664001883,-1.2849426,-10.913666,3.7519531,-2.5624084,1.4903107,0.3145752
1515664001906,-2.371292,-11.542984,4.4243317,-2.5330963,1.1763153,0.4269867
1515664001930,-3.4097748,-12.325424,0.50727844,-2.0285187,0.6057739,0.61512756
1515664001955,-3.8811646,-12.342178,-3.6705933,-1.8599243,-0.12358093,0.7922821
1515664001979,-3.7878418,-10.102493,-0.59580994,-1.9466705,0.38464355,1.1025848
1515664002002,-3.493515,-8.202591,2.067398,-1.4555206,1.0810242,1.1673584
1515664002025,-3.1824493,-6.817154,2.823532,-0.88253784,1.8714752,0.9706421
1515664002049,-3.0867462,-7.2023926,1.9453583,-0.5978699,2.1927948,0.8338165
1515664002072,-2.4622192,-8.037491,1.0552368,-0.3742981,2.0058746,0.85702515
1515664002096,-1.2897339,-7.944168,-1.138977,-0.2936554,1.9215698,0.8826904
1515664002120,-0.6269226,-7.278961,-2.7134552,-0.27900696,1.5623932,0.7715149
1515664002141,-0.65563965,-6.233307,-3.0843506,-0.0065612793,0.7694855,0.6346741
1515664002163,-1.0743713,-5.8983154,-2.388031,0.24876404,0.32600403,0.62246704
1515664002189,-1.071991,-5.8791656,-2.1439667,0.31718445,0.247818,0.60902405
1515664002221,-1.0695953,-5.9030914,-2.108078,0.35383606,0.21725464,0.5870209
1515664002248,-1.0695953,-5.9030914,-2.108078,0.35383606,0.21725464,0.5870209
1515664002271,-1.0695953,-5.9030914,-2.108078,0.35383606,0.21725464,0.5870209
1515664002295,-1.0695953,-5.9030914,-2.108078,0.35383606,0.21725464,0.5870209
1515664002726,-1.0695953,-5.9030914,-2.108078,0.35383606,0.21725464,0.5870209
1515664002752,-3.8189392,-8.769699,1.9405823,-0.3816223,-2.4533997,-0.1643219
1515664002773,-4.7641144,-9.451645,2.560318,0.3318329,-0.8651581,-0.28771973
1515664002794,-4.924423,-9.602402,1.0648041,0.47235107,-0.08081055,-0.27792358
1515664002815,-4.924423,-9.602402,1.0648041,0.47235107,-0.08081055,-0.27792358
1515664002836,-3.8285217,-9.095123,-0.22253418,0.59207153,-0.3276062,0.014053345
1515664002861,-3.373886,-8.982651,-0.5886383,0.5248718,-0.66845703,0.04458618
1515664002882,-3.2638092,-8.831909,-0.5144501,0.24266052,-0.6770172,0.05558777
1515664002904,-3.1680908,-8.922836,-0.6891327,0.08383179,-0.82606506,0.10322571
1515664002925,-2.7397766,-8.874985,-0.16989136,0.15467834,-1.3123169,0.07511902
1515664002946,-2.7828522,-9.044876,0.5742798,0.28419495,-1.4540405,-0.054351807
1515664002967,-2.847458,-9.375076,0.119644165,0.37948608,-1.4674835,-0.12155151
1515664003014,-2.7708893,-9.712463,0.055038452,0.41125488,-1.4674835,-0.15576172
1515664003036,-2.7708893,-9.712463,0.055038452,0.41125488,-1.4674835,-0.15576172
1515664003058,-2.7708893,-9.712463,0.055038452,0.41125488,-1.4674835,-0.15576172
1515664003081,-2.7708893,-9.712463,0.055038452,0.41125488,-1.4674835,-0.15576172
1515664003105,-2.7708893,-9.712463,0.055038452,0.41125488,-1.4674835,-0.15576172
1515664003128,-2.7708893,-9.712463,0.055038452,0.41125488,-1.4674835,-0.15576172
1515664004098,-2.4837494,-6.9344025,-1.5553284,0.41125488,-1.4674835,-0.15576172
1515664004126,-3.3595276,-9.308075,1.2538452,0.4075775,-1.0032196,-0.32191467
1515664004147,-4.1850433,-8.93959,0.7728882,0.30007935,-0.85417175,-0.29626465
1515664004168,-3.8237305,-8.544769,0.30867004,0.43814087,-1.2219086,-0.15943909
1515664004189,-3.270996,-8.310272,0.2679901,0.6494751,-1.7838898,-0.1301117
1515664004210,-3.0245209,-9.229111,0.39720154,0.7936554,-1.9512787,-0.1325531
1515664004231,-2.8546448,-10.327423,0.088531494,0.9756775,-1.7338104,-0.26205444
1515664004253,-2.9431763,-10.772491,-1.4285126,0.9732361,-1.237793,-0.4819641
1515664004274,-4.067795,-10.48056,-1.9501495,0.3819275,-0.45220947,-0.58947754
1515664004316,-5.206787,-11.107483,-0.7920227,-0.3449707,0.071884155,-0.45996094
1515664004338,-5.206787,-11.107483,-0.7920227,-0.3449707,0.071884155,-0.45996094
1515664004359,-5.206787,-11.107483,-0.7920227,-0.3449707,0.071884155,-0.45996094
1515664004381,-5.206787,-11.107483,-0.7920227,-0.3449707,0.071884155,-0.45996094
1515664004402,-5.206787,-11.107483,-0.7920227,-0.3449707,0.071884155,-0.45996094
1515664004423,-5.206787,-11.107483,-0.7920227,-0.3449707,0.071884155,-0.45996094
1515664004605,-5.206787,-11.107483,-0.7920227,-0.3449707,0.071884155,-0.45996094
1515664004627,-5.206787,-11.107483,-0.7920227,-0.3449707,0.071884155,-0.45996094
1515664004648,-5.206787,-11.107483,-0.7920227,-0.3449707,0.071884155,-0.45996094
1515664004669,-5.206787,-11.107483,-0.7920227,-0.3449707,0.071884155,-0.45996094
1515664004690,-5.206787,-11.107483,-0.7920227,-0.3449707,0.071884155,-0.45996094
1515664004712,-5.206787,-11.107483,-0.7920227,-0.3449707,0.071884155,-0.45996094
1515664004733,-5.206787,-11.107483,-0.7920227,-0.3449707,0.071884155,-0.45996094
1515664004755,-5.206787,-11.107483,-0.7920227,-0.3449707,0.071884155,-0.45996094
1515664004778,-5.206787,-11.107483,-0.7920227,-0.3449707,0.071884155,-0.45996094
1515664004803,-5.206787,-11.107483,-0.7920227,-0.3449707,0.071884155,-0.45996094
1515664004827,-0.71066284,-5.5250244,-2.3162537,-1.1232147,1.3864441,1.1172638
1515664004850,-0.3397827,-7.1856537,-3.0388794,1.3251038,-0.551178,-0.105667114
1515664004873,-1.483551,-8.224136,-4.1563263,1.3190002,-0.37280273,-0.34635925
1515664004896,-5.69252,-9.982849,-6.439087,1.2212524,0.016906738,-0.34880066
1515664004920,-10.56192,-12.277573,-9.978073,1.0111237,0.11709595,-0.021377563
1515664004943,-12.425934,-11.767899,-11.717651,0.45158386,-0.11746216,0.503952
1515664004967,-8.645264,-8.523239,-5.7643127,0.29151917,0.65586853,0.7666321
1515664004991,-5.7690887,-6.0801697,-2.9838562,0.6739197,1.3265991,0.69088745
1515664005015,-3.4719849,-6.9463654,-1.1629181,0.97691345,0.828125,0.42575073
1515664005038,-1.7491608,-11.806183,0.8039856,1.5572357,-0.83828735,-0.4990692
1515664005061,-4.266403,-21.092728,-12.157928,-1.0389099,0.5654602,-0.60658264
1515664005088,-0.34217834,-15.943375,6.9870453,-1.4029846,0.64730835,-0.27059937
1515664005111,1.7850494,-8.090134,7.8388824,0.7728729,0.21360779,-0.1802063
1515664005135,2.165512,-4.4937286,5.522629,1.4924774,0.38586426,-0.4721985
1515664005161,1.8855438,-4.783249,4.204193,1.5095825,0.61065674,-0.81427
1515664005184,-1.7658997,-9.705292,4.6492615,0.4552307,1.112793,-2.016449
1515664005208,-5.1541443,-12.038284,4.689926,0.7472229,1.6711121,-1.4251404
1515664005233,-5.699707,-11.200806,0.40678406,1.271347,0.71572876,-0.4294281
1515664005257,-3.6155548,-9.085556,-2.8163452,2.6763458,-3.854721,-0.28771973
1515664005281,-3.7304077,-9.018555,-0.4355011,2.3098145,-4.6183014,-0.30848694
1515664005306,-3.5365906,-8.0686035,-1.1652985,1.3531952,-3.6653595,-0.1325531
1515664005328,-2.3162537,-8.0327,-2.6416779,1.3690796,-4.23468,-0.054351807
1515664005351,-2.280365,-8.994614,-2.0410767,0.8498535,-3.7044525,-0.24250793
1515664005374,-3.2063751,-9.343979,-0.7465668,-0.23623657,-1.8156586,-0.42575073
1515664005399,-4.065399,-9.207581,0.34217834,-0.41706848,-0.80773926,-0.45387268
1515664005421,-4.5726776,-9.367905,1.9501495,0.03741455,-0.5756073,-0.34635925
1515664005443,-4.515259,-9.475586,1.586441,0.30862427,-0.21763611,-0.17530823
1515664005467,-3.7662964,-9.724426,1.0384827,0.4845581,-0.332489,-0.054351807
1515664005491,-2.7996063,-9.997208,0.5096741,0.8510742,-0.7246704,-0.036026
1515664005515,-2.222931,-9.913467,-0.8614197,0.7557831,-0.70755005,-0.14109802
1515664005540,-2.1224365,-9.997208,-1.8113708,0.26219177,-0.78697205,-0.2144165
1515664005563,-3.1968079,-10.269989,-0.7393799,-0.19226074,-1.1009521,-0.2278595
1515664005587,-4.1515503,-10.78685,0.68196106,-0.24356079,-1.2451172,-0.20097351
1515664005611,-4.9746857,-11.349152,0.24645996,0.0410614,-1.264679,-0.17652893
1515664005639,-6.4055786,-12.751358,-2.3377838,0.2194519,-1.3953857,-0.047027588
1515664005663,-7.862808,-13.335205,-4.9052887,-0.3388672,-0.9299164,0.34024048
1515664005686,-8.082962,-12.557541,-3.2996979,-1.702301,0.736496,0.90345764
1515664005709,-6.443878,-11.746368,-1.2969055,-2.5062103,2.2770996,1.3628235
1515664005734,-3.2087708,-12.332611,2.5914307,-2.5318604,3.2605896,1.7940979
1515664005757,-1.409378,-13.275375,3.3212433,-2.4549103,4.0925903,1.7891998
1515664005785,-1.8448639,-16.811966,1.8161469,-3.2135925,3.215393,1.3310547
1515664005807,-1.2370911,-17.515457,4.101303,-2.7847595,0.5679016,1.1917725
1515664005828,-0.78723145,-12.569504,4.922043,-1.0657959,-0.35203552,1.0622864
1515664005849,-3.0293121,-9.8033905,-6.273987,-0.9203949,-0.37524414,1.0561676
1515664005870,-3.3427734,-8.181061,-1.3495483,-2.3889313,1.1225739,1.461792
1515664005891,-2.835495,-6.8602295,0.8925171,-2.327835,1.8702698,1.3334961
1515664005912,-3.3308105,-5.7379913,1.7467651,-1.484848,1.6026917,1.0573883
1515664005933,-2.8187408,-4.9914246,2.868988,-0.91186523,1.6308136,0.80693054
1515664005954,-1.7252197,-6.0131683,3.3020935,-0.6760559,2.0584106,0.63345337
1515664005975,0.011962891,-6.496521,2.3641052,-0.4195099,2.486023,0.6029053
1515664005996,1.2035828,-5.761917,0.7537384,-0.28388977,2.2514496,0.5198364
1515664006017,1.282547,-4.7042847,-0.36849976,0.18888855,1.2618408,0.29136658
1515664006037,-0.17706299,-4.3358,-2.285141,0.63604736,0.33454895,0.07267761
1515664006058,-1.0624084,-4.7688904,-3.5030975,0.8119812,-0.3251648,0.0018157959
1515664006079,-1.976471,-5.75235,-3.3834534,1.0294495,-0.85661316,-0.08123779
1515664006100,-2.8426666,-6.3720856,-3.809372,1.1687164,-0.9604492,-0.08734131
1515664006122,-3.8955078,-7.475174,-3.9888306,1.2151642,-0.47909546,-0.02381897
1515664006143,-6.300308,-9.686142,-7.881958,1.1992798,0.17816162,0.06047058
1515664006164,-9.867996,-12.602997,-13.875977,0.8461914,0.002243042,0.1459961
1515664006185,-10.676773,-12.459427,-11.995224,0.33306885,-0.3630371,0.55770874
1515664006207,-6.850647,-9.052048,-5.24028,0.33306885,0.2844696,0.7837219
1515664006228,-5.1349945,-6.3672943,-3.345169,0.7130127,1.1738739,0.7324219
1515664006249,-4.7162476,-5.2833557,-3.3690948,1.1711578,1.1213379,0.54914856
1515664006270,-2.4406738,-6.3888397,-2.268402,1.7588196,0.08898926,0.18873596
1515664006291,-1.3686981,-10.487747,-0.6197357,2.3476868,-1.5028992,-0.8497009
1515664006313,-7.310074,-19.23111,-13.720444,0.830307,-0.90914917,-1.0060883
1515664006335,-3.591629,-20.374878,-2.8330994,-1.367569,0.504364,-0.53938293
1515664006361,0.8494568,-10.511673,9.915863,0.4772339,-0.54263306,-0.12399292
1515664006385,2.1607208,-5.8408813,4.1324005,1.257904,0.30889893,-0.29870605
1515664006409,1.964508,-4.8598175,2.938385,1.3495331,0.64120483,-0.93278503
1515664006434,0.18185425,-7.582855,2.313858,0.6861267,0.6717529,-1.6768036
1515664006458,-2.8450623,-10.19104,4.208969,0.3684845,1.3363647,-1.7550049
1515664006483,-4.9076843,-11.138596,2.4406738,0.89016724,1.7077637,-0.98532104
1515664006581,-4.4769745,-9.142975,-3.9936218,2.70932,-1.8266602,-0.6945343
1515664006605,-4.4769745,-9.142975,-3.9936218,2.70932,-1.8266602,-0.6945343
1515664006628,-4.4769745,-9.142975,-3.9936218,2.70932,-1.8266602,-0.6945343
1515664006652,-4.4769745,-9.142975,-3.9936218,2.70932,-1.8266602,-0.6945343
1515664006675,-4.4769745,-9.142975,-3.9936218,2.70932,-1.8266602,-0.6945343
1515664006700,-4.4769745,-9.142975,-3.9936218,2.70932,-1.8266602,-0.6945343
1515664009689,-4.4769745,-9.142975,-3.9936218,2.70932,-1.8266602,-0.6945343
1515664009717,-4.4769745,-9.142975,-3.9936218,2.70932,-1.8266602,-0.6945343
1515664009739,-4.4769745,-9.142975,-3.9936218,2.70932,-1.8266602,-0.6945343
1515664009760,-4.4769745,-9.142975,-3.9936218,2.70932,-1.8266602,-0.6945343
1515664009781,-4.4769745,-9.142975,-3.9936218,2.70932,-1.8266602,-0.6945343
1515664009802,-4.4769745,-9.142975,-3.9936218,2.70932,-1.8266602,-0.6945343
1515664009952,-4.4769745,-9.142975,-3.9936218,2.70932,-1.8266602,-0.6945343
1515664009973,-4.4769745,-9.142975,-3.9936218,2.70932,-1.8266602,-0.6945343
1515664009994,-4.4769745,-9.142975,-3.9936218,2.70932,-1.8266602,-0.6945343
1515664010015,-4.4769745,-9.142975,-3.9936218,2.70932,-1.8266602,-0.6945343
1515664010037,-4.4769745,-9.142975,-3.9936218,2.70932,-1.8266602,-0.6945343
1515664010058,-4.4769745,-9.142975,-3.9936218,2.70932,-1.8266602,-0.6945343
1515664010079,-4.4769745,-9.142975,-3.9936218,2.70932,-1.8266602,-0.6945343
1515664010101,-4.4769745,-9.142975,-3.9936218,2.70932,-1.8266602,-0.6945343
1515664010123,-4.4769745,-9.142975,-3.9936218,2.70932,-1.8266602,-0.6945343
1515664010146,-4.4769745,-9.142975,-3.9936218,2.70932,-1.8266602,-0.6945343
1515664010169,-7.101898,-11.234299,0.13400269,2.70932,-1.8266602,-0.6945343
1515664010192,0.43788147,-8.681168,3.4049835,-0.20570374,-0.82362366,-0.37322998
1515664010214,-4.6085815,-13.119843,3.8979034,1.6085358,1.0492706,-1.5094452
1515664010235,-4.2759705,-9.951752,-3.0891266,3.015976,-0.44732666,-0.9437866
1515664010258,-4.7162476,-9.298508,-3.7184448,3.8699493,-3.5737305,-0.8778076
1515664010282,-4.4267273,-8.405991,-5.8576355,2.3049316,-4.030655,-0.58703613
1515664010305,-4.256836,-8.489731,-3.6873474,0.3648224,-3.313507,-0.26083374
1515664010329,-4.2472534,-8.779266,-0.83509827,-0.33398438,-2.4766083,-0.004272461
1515664010352,-4.0343018,-9.049652,1.0600128,0.11192322,-2.0160217,-0.016494751
1515664010377,-4.3262177,-9.384644,0.4283142,0.17424011,-1.4185944,-0.073913574
1515664010400,-4.249649,-9.257828,-0.17468262,0.011749268,-1.303772,-0.017700195
1515664010423,-3.9840546,-8.987442,-0.117248535,0.026412964,-1.6873779,0.077560425
1515664010446,-3.6083832,-8.528015,1.1150513,0.09727478,-1.8168793,0.086120605
1515664010470,-3.0245209,-8.121246,1.8855438,0.24021912,-1.4185944,0.012817383
1515664010494,-2.1990051,-8.918045,1.5792694,0.6995697,-1.3660736,-0.07757568
1515664010517,-1.529007,-9.86322,1.7036896,1.1846008,-1.6922607,-0.2278595
1515664010541,-1.6821594,-10.753342,0.7992096,1.3837433,-1.573761,-0.44898987
1515664010565,-3.5820618,-11.894714,-2.8211365,1.2371368,-1.1070709,-0.54426575
1515664010589,-6.417557,-12.653244,-4.3573303,0.43322754,-0.6623535,-0.57847595
1515664010613,-6.443878,-12.507278,-1.8855438,-0.57832336,-0.6330414,-0.4905243
1515664010636,-7.520645,-14.031509,-1.002594,-0.56733704,-1.032547,-0.3658905
1515664010658,-8.788834,-14.435898,-0.5694885,-0.64430237,-0.52674866,0.04824829
1515664010681,-8.863022,-13.081558,-0.4019928,-1.3076935,1.0003967,0.69821167
1515664010702,-7.951355,-11.353943,-1.4428711,-1.7365112,1.889801,1.2675323
1515664010723,-5.3766785,-11.01416,-4.9698944,-2.3828125,2.2819824,1.6645966
1515664010745,-2.8307037,-12.002396,1.8879395,-2.9057007,3.0480042,1.8441925
1515664010768,-1.5409851,-13.387848,4.2927246,-2.5550842,3.7126312,1.7891998
1515664010791,-0.95474243,-16.450653,2.8115692,-2.7994232,3.1652985,1.5436401
1515664010814,-0.2679901,-16.706696,5.8456726,-2.5843964,2.030304,1.4666748
1515664010837,-0.279953,-12.969101,5.11586,-0.80189514,1.0810242,1.0219727
1515664010862,-4.031906,-10.528427,-8.178665,-1.3138123,0.3027954,1.151474
1515664010887,-3.4360962,-8.745773,0.023925781,-2.62471,1.3913574,1.706131
1515664010910,-1.4715881,-6.570694,1.5936127,-2.1238098,1.6173706,1.3762512
1515664010934,-1.7132568,-5.5298157,1.3782654,-1.5349426,1.3473663,0.9229889
1515664010958,-1.0456696,-5.7308044,1.9118652,-1.1305542,1.2105255,0.6713257
1515664010982,0.3756714,-5.60878,2.7493591,-0.88009644,1.4402161,0.37200928
1515664011003,0.79681396,-4.771286,1.2729797,-0.62841797,1.7945099,0.26815796
1515664011026,0.28953552,-3.8476562,-0.62213135,-0.26924133,1.7395325,0.26203918
1515664011050,-0.58384705,-3.1944122,-3.2446747,0.2536621,0.9503021,0.17773438
1515664011074,-2.0650024,-4.249649,-2.8522491,0.6922455,0.06454468,-0.028701782
1515664011097,-2.6536407,-5.412567,-2.9838562,1.1907196,-0.16755676,-0.06047058
1515664011119,-2.486145,-5.5345917,-4.548752,1.5144806,0.12686157,-0.2119751
1515664011140,-3.7662964,-6.501297,-6.41037,1.5437927,0.4335022,-0.3866577
1515664011161,-5.87677,-8.597412,-9.257828,1.2969971,0.5630188,-0.3842163
1515664011183,-7.6618195,-11.504684,-11.605194,0.7423401,0.39440918,-0.13865662
1515664011205,-6.6927185,-12.325424,-8.762512,0.6470337,0.046218872,0.18385315
1515664011228,-3.883545,-9.834503,-7.582855,0.9170532,-0.3263855,0.4563141
1515664011252,-2.411972,-9.643082,-7.0995026,0.7875519,-0.37158203,0.51249695
1515664011275,1.1078796,-11.394623,1.3758698,1.0184479,-0.8639374,-0.22906494
1515664011300,-4.6085815,-19.154541,-8.736191,0.90237427,-0.03805542,-1.3078461
1515664011324,-6.3553314,-16.72583,3.6418762,-0.29244995,-1.1095123,-0.7727356
1515664011347,-1.4739838,-8.6237335,8.293518,0.5884094,-0.8297272,-0.09100342
1515664011370,0.1986084,-5.4269257,2.395218,0.6678009,-0.112579346,-0.025039673
1515664011394,0.29193115,-4.6707916,4.2233276,0.6995697,0.31134033,-0.5296173
1515664011417,-0.89730835,-7.3531494,4.6325073,1.2114868,1.0431519,-1.230896
1515664011440,-2.5435638,-10.320251,3.3523407,1.6122131,1.6356964,-1.5680847
1515664011463,-5.173279,-12.524033,0.7465668,1.9738312,1.414566,-0.9474335
1515664011488,-3.7112732,-9.645462,-4.393219,2.8693542,-1.5884247,-0.061691284
1515664011512,-2.8450623,-9.140579,-3.8285217,2.954895,-4.4607086,-0.004272461
1515664011537,-2.251648,-8.776871,-4.893326,1.7930298,-5.099655,0.03970337
1515664011561,-2.0578308,-8.166702,-3.6442719,0.45646667,-4.559662,-0.017700195
1515664011585,-3.2207336,-8.528015,0.14596558,-0.31077576,-2.9579926,-0.14720154
1515664011608,-3.878769,-9.013763,1.763504,-0.23014832,-1.6238556,-0.25106812
1515664011631,-4.421936,-9.291336,1.6175537,-0.25212097,-0.6648102,-0.29136658
1515664011655,-4.754532,-9.265015,1.1294098,-0.07620239,-0.51330566,-0.23274231
1515664011679,-4.240082,-8.743378,0.69869995,0.19132996,-0.900589,-0.03970337
1515664011702,-3.397812,-8.391632,0.6125641,0.38804626,-1.4320374,0.03970337
1515664011724,-2.7086792,-8.635696,1.1174469,0.58229065,-1.7313538,0.07511902
1515664011746,-2.177475,-9.489929,1.7132568,0.9048157,-1.66539,0.0066986084
1515664011769,-1.8305054,-10.600204,0.9882355,1.5401306,-1.416153,-0.15943909
1515664011792,-2.273178,-11.267807,-1.6390839,1.7563782,-1.0814056,-0.45751953
1515664011817,-4.74736,-11.495117,-4.9507446,0.816864,-0.44000244,-0.56993103
1515664011840,-5.3288116,-11.018951,-3.2901306,-0.3413086,-0.43632507,-0.33535767
1515664011943,-5.065613,-11.334808,-0.55992126,-0.7762451,-0.89082336,-0.22906494
1515664011970,-5.065613,-11.334808,-0.55992126,-0.7762451,-0.89082336,-0.22906494
1515664011993,-5.065613,-11.334808,-0.55992126,-0.7762451,-0.89082336,-0.22906494
1515664012017,-5.065613,-11.334808,-0.55992126,-0.7762451,-0.89082336,-0.22906494
1515664012040,-5.065613,-11.334808,-0.55992126,-0.7762451,-0.89082336,-0.22906494
1515664012064,-5.065613,-11.334808,-0.55992126,-0.7762451,-0.89082336,-0.22906494
1515664016867,-2.1128693,-7.6713867,-0.68196106,-0.7762451,-0.89082336,-0.22906494
1515664016893,-2.7158508,-10.58107,-2.600998,-0.7762451,-0.89082336,-0.22906494
1515664016925,-8.154739,-15.081955,-10.248459,0.5370941,-0.3471527,0.39888
1515664016947,-0.7920227,-13.115067,-0.3517456,0.6678009,-1.4515991,0.23638916
1515664016968,-2.6105652,-17.38147,-1.2466583,0.7789917,-1.2854462,-1.0060883
1515664016989,-4.051056,-14.026733,7.446457,-0.23503113,-0.21031189,-0.60902405
1515664017018,-3.4743805,-12.983459,8.200211,-0.21182251,-0.18222046,-0.49661255
1515664017039,-3.4743805,-12.983459,8.200211,-0.21182251,-0.18222046,-0.49661255
1515664017060,-3.4743805,-12.983459,8.200211,-0.21182251,-0.18222046,-0.49661255
1515664017082,-3.4743805,-12.983459,8.200211,-0.21182251,-0.18222046,-0.49661255
1515664017103,-3.4743805,-12.983459,8.200211,-0.21182251,-0.18222046,-0.49661255
1515664017124,-3.4743805,-12.983459,8.200211,-0.21182251,-0.18222046,-0.49661255
1515664017279,-3.4743805,-12.983459,8.200211,-0.21182251,-0.18222046,-0.49661255
1515664017301,-3.4743805,-12.983459,8.200211,-0.21182251,-0.18222046,-0.49661255
1515664017322,-3.4743805,-12.983459,8.200211,-0.21182251,-0.18222046,-0.49661255
1515664017343,-3.4743805,-12.983459,8.200211,-0.21182251,-0.18222046,-0.49661255
1515664017364,-3.4743805,-12.983459,8.200211,-0.21182251,-0.18222046,-0.49661255
1515664017386,-3.4743805,-12.983459,8.200211,-0.21182251,-0.18222046,-0.49661255
1515664017410,-3.4743805,-12.983459,8.200211,-0.21182251,-0.18222046,-0.49661255
1515664017433,-3.4743805,-12.983459,8.200211,-0.21182251,-0.18222046,-0.49661255
1515664017454,-3.4743805,-12.983459,8.200211,-0.21182251,-0.18222046,-0.49661255
1515664017475,-3.4743805,-12.983459,8.200211,-0.21182251,-0.18222046,-0.49661255
1515664017496,-9.375076,-12.2560425,-12.488144,-2.817749,-0.08569336,1.2540894
1515664017518,-7.2669983,-13.392624,4.721039,-4.0443573,1.5758362,2.1605988
1515664017541,-5.79303,-13.849655,15.153748,-2.702896,5.579422,2.7360535
1515664017564,-5.1517487,-16.627731,3.7016907,-2.2863007,7.4315643,3.0463562
1515664017587,-4.4027863,-19.98964,-3.3762665,-2.6833649,4.4016724,2.6199799
1515664017611,-4.412369,-23.928223,2.445465,-1.8745728,-0.99954224,2.4513855
1515664017634,1.4883423,-16.831116,-3.3236237,-0.20690918,-2.1003265,2.2461395
1515664017659,-2.2205353,-9.540192,1.0337067,-2.1653595,2.1121674,2.1129608
1515664017682,-0.27278137,-5.407776,2.0530396,-2.070053,3.393753,1.9993439
1515664017705,0.5144501,-3.3810577,4.0749817,-1.4359894,2.6191711,1.4459076
1515664017728,-0.70588684,-1.5409851,5.3072815,-0.3730774,2.8109894,0.7079773
1515664017750,-0.117248535,-1.5409851,4.7521515,-0.1776123,3.056549,0.2962494
1515664017771,0.8901367,-2.9623108,5.3288116,0.066726685,3.4304047,0.08001709
1515664017791,2.4095764,-3.505478,4.6827545,0.4772339,3.2508087,-0.038467407
1515664017814,1.8185425,-4.0295105,3.1657104,1.0477753,2.2196808,0.07635498
1515664017837,1.4907227,-4.216156,-0.047851562,1.5743256,0.49215698,0.5137329
1515664017861,2.9623108,-5.0727844,-4.8143616,1.8785553,-1.0948486,0.30969238
1515664017885,-2.7158508,-9.623932,-13.280167,2.2340698,-1.6544037,-0.32435608
1515664017909,-13.758728,-18.003601,-18.077774,1.0416565,1.5550537,0.073898315
1515664017933,-14.986252,-14.605789,-14.806793,0.8596344,-0.41435242,0.7409668
1515664017956,-8.472992,-7.0707855,-10.660019,-0.42559814,0.33943176,0.6517792
1515664017980,-2.0410767,-1.5026855,6.4630127,-0.013900757,-0.047836304,0.8484802
1515664018004,1.8113708,-7.458435,4.2233276,1.6464233,-1.2964325,-0.37200928
1515664018029,-1.2227325,-21.08316,-0.04067993,0.3526001,-2.338562,-1.163681
1515664018053,-1.9166565,-32.449066,3.6442719,-0.3425293,-2.2347107,-0.48928833
1515664018077,2.567505,-14.648865,7.515854,0.8510742,-0.77597046,0.14720154
1515664018101,3.2925262,-4.532013,6.1878357,1.8492279,-0.1968689,-0.9413452
1515664018125,1.4883423,-2.572281,5.21875,1.9738312,1.5159607,-2.313324
1515664018149,-2.6440735,-5.350357,1.5768738,2.036148,2.2978668,-2.7397156
1515664018175,-8.551941,-9.245865,-7.2598267,2.6115723,-0.78697205,-1.6328278
1515664018199,-7.039688,-9.848862,-0.51924133,3.0648346,-4.7539215,-0.58947754
1515664018225,-4.484146,-8.508881,-0.16989136,0.8364105,-2.976303,0.18873596
1515664018248,-3.151352,-7.0037994,-1.249054,-0.3400879,-2.416748,0.62246704
1515664018271,-1.1174469,-6.324234,-2.7110748,0.1717987,-4.7013702,0.7641907
1515664018295,-1.1150513,-7.3986053,0.3756714,0.6494751,-5.5345917,0.29014587
1515664018317,-2.7493591,-9.635895,2.292328,0.53585815,-4.0367584,-0.28038025
1515664018339,-2.9144592,-10.980667,2.4095764,0.91581726,-2.6769714,-0.5015259
1515664018362,-1.7946167,-10.894516,0.73698425,1.1723938,-1.0801849,-0.60902405
1515664018384,-1.2705841,-10.286743,-2.1942139,1.0050049,-0.44244385,-0.85214233
1515664018406,-4.6612244,-10.868195,-4.852646,0.61283875,-1.5016937,-1.2137756
1515664018427,-8.152344,-12.516861,-1.105484,-0.3425293,-1.6055298,-1.1795654
1515664018448,-9.5234375,-13.308884,-0.52163696,-0.3730774,-1.3343048,-0.8301544
1515664018470,-10.114456,-12.528824,-2.0362854,0.10826111,-1.2487946,-0.29748535
1515664018494,-9.437286,-11.119446,-10.411179,-0.62597656,-0.84072876,0.346344
1515664018517,-6.6424713,-11.803787,-7.475174,-3.0901947,0.6778717,1.1355896
1515664018542,-5.5944214,-12.148361,0.6149597,-3.5422363,1.4951935,1.5631866
1515664018566,-6.209381,-13.150955,11.475983,-2.8263092,3.210495,2.0628662
1515664018590,-7.532608,-16.716263,6.4582214,-2.5196533,5.34729,2.754364
1515664018615,-6.5156555,-20.951553,-1.5457611,-2.856842,4.7681885,2.899765
1515664018640,-5.022537,-25.548172,-0.31106567,-1.9992065,-0.411911,2.70549
1515664018664,1.7539368,-19.597214,-4.273575,-1.0181427,-1.8107758,2.413498
1515664018690,0.055038452,-11.289337,3.6275177,-2.5575256,2.240448,1.8661652
1515664018716,0.24645996,-5.498703,2.8307037,-2.1604462,3.0993195,1.7378998
1515664018739,1.2370911,-2.0650024,5.13739,-1.3345795,2.248993,1.2333221
1515664018764,0.35653687,-0.2632141,6.345764,-0.6870575,2.2917633,0.6676483
1515664018788,0.26081848,0.6077728,5.3168488,-0.3095398,2.7291412,0.19361877
1515664018811,-0.3062744,-1.8927155,5.414963,-0.05909729,3.206833,0.09222412
1515664018835,0.6053772,-2.8378906,4.2472534,0.4857788,2.9466095,0.37077332
1515664018860,0.4905243,-3.5246277,-0.105285645,1.1638336,1.282608,0.64323425
1515664018883,1.4285126,-4.74736,-7.9992065,1.642746,-1.443039,0.55648804
1515664018905,-3.4384918,-9.209976,-11.3013,1.7563782,-2.455841,0.29136658
1515664018927,-7.441681,-12.660431,-10.045074,1.6183167,0.5214844,0.19973755
1515664018949,-11.7391815,-13.232315,-12.928421,2.0080414,1.1384583,-0.08856201
1515664018971,-12.801605,-12.863815,-10.344177,1.1956024,-0.112579346,0.23762512
1515664018995,-6.8362885,-7.4967194,-7.915451,0.10948181,0.29545593,0.92422485
1515664019017,0.7417755,-6.989441,2.5052795,0.97447205,-1.5395508,0.58091736
1515664019038,2.5627136,-15.306885,-2.629715,1.7099609,-3.5236359,-0.90101624
1515664019059,-1.3232269,-25.20839,-0.086135864,-1.9246674,-0.72099304,-1.3616028
1515664019080,-0.46899414,-20.93959,11.514267,-1.1281128,-1.1351624,-0.66400146
1515664019104,3.431305,-7.2263184,8.255234,0.98791504,-0.21763611,-0.15943909
1515664019127,3.5820618,-3.1298065,7.802994,2.2157288,0.34799194,-1.0024109
1515664019151,1.7371826,-4.3956146,3.0867462,2.5248413,1.3155975,-2.0176697
1515664019174,-2.0123596,-7.590027,0.928421,1.8699951,0.6509857,-2.3194427
1515664019196,-2.9431763,-8.123627,1.7395782,1.6977234,0.60821533,-2.2449036
1515664019226,-2.9431763,-8.123627,1.7395782,1.6977234,0.60821533,-2.2449036
1515664019248,-2.9431763,-8.123627,1.7395782,1.6977234,0.60821533,-2.2449036
1515664019271,-2.9431763,-8.123627,1.7395782,1.6977234,0.60821533,-2.2449036
1515664019294,-2.9431763,-8.123627,1.7395782,1.6977234,0.60821533,-2.2449036
1515664019317,-2.9431763,-8.123627,1.7395782,1.6977234,0.60821533,-2.2449036
1515664019562,-2.9431763,-8.123627,1.7395782,1.6977234,0.60821533,-2.2449036
1515664019591,-2.9431763,-8.123627,1.7395782,1.6977234,0.60821533,-2.2449036
1515664019614,-2.9431763,-8.123627,1.7395782,1.6977234,0.60821533,-2.2449036
1515664019636,-2.9431763,-8.123627,1.7395782,1.6977234,0.60821533,-2.2449036
1515664019657,-2.9431763,-8.123627,1.7395782,1.6977234,0.60821533,-2.2449036
1515664019679,-2.9431763,-8.123627,1.7395782,1.6977234,0.60821533,-2.2449036
1515664019701,-2.9431763,-8.123627,1.7395782,1.6977234,0.60821533,-2.2449036
1515664019725,-2.9431763,-8.123627,1.7395782,1.6977234,0.60821533,-2.2449036
1515664019749,-2.9431763,-8.123627,1.7395782,1.6977234,0.60821533,-2.2449036
1515664019772,-2.9431763,-8.123627,1.7395782,1.6977234,0.60821533,-2.2449036
1515664019796,-0.06700134,-1.1485596,4.74736,-0.53678894,2.8610687,0.7763977
1515664019818,1.3567352,-2.9407806,5.458023,-0.033432007,2.8451843,0.43307495
1515664019842,2.4933167,-3.871582,3.419342,0.6788025,2.2722168,0.3756714
1515664019937,3.103485,-3.8692017,1.2562256,0.9524689,1.5184021,0.40621948
1515664019960,3.103485,-3.8692017,1.2562256,0.9524689,1.5184021,0.40621948
1515664019984,3.103485,-3.8692017,1.2562256,0.9524689,1.5184021,0.40621948
1515664020007,3.103485,-3.8692017,1.2562256,0.9524689,1.5184021,0.40621948
1515664020030,3.103485,-3.8692017,1.2562256,0.9524689,1.5184021,0.40621948
1515664020053,3.103485,-3.8692017,1.2562256,0.9524689,1.5184021,0.40621948
1515664025253,-3.2279205,-10.076172,-1.3399811,0.9524689,1.5184021,0.40621948
1515664025275,-3.0221405,-8.3198395,-0.6508484,0.9524689,1.5184021,0.40621948
1515664025302,-4.5056915,-9.387039,-9.195618,1.8431091,0.040115356,-0.35490417
1515664025323,-8.853439,-13.296921,-14.792435,1.323883,0.27346802,-0.13987732
1515664025345,-11.040482,-14.373688,-13.493134,0.70080566,-0.31782532,0.280365
1515664025366,-7.9202423,-9.272186,-7.422531,0.6079407,-0.15901184,0.40498352
1515664025389,-7.0468597,-8.573486,-6.857834,0.63482666,-0.028274536,0.42210388
1515664025416,-7.0468597,-8.573486,-6.857834,0.63482666,-0.028274536,0.42210388
1515664025438,-7.0468597,-8.573486,-6.857834,0.63482666,-0.028274536,0.42210388
1515664025459,-7.0468597,-8.573486,-6.857834,0.63482666,-0.028274536,0.42210388
1515664025480,-7.0468597,-8.573486,-6.857834,0.63482666,-0.028274536,0.42210388
1515664025501,-7.0468597,-8.573486,-6.857834,0.63482666,-0.028274536,0.42210388
1515664030353,-0.36849976,-7.2669983,2.868988,0.63482666,-0.028274536,0.42210388
1515664030378,-1.7826538,-16.620544,7.4153595,1.1870422,-0.70266724,-0.22050476
1515664030401,4.2544403,-0.55752563,-3.1322021,1.7783661,0.49583435,0.19361877
1515664030422,0.14117432,-3.2231293,-18.513275,2.5138397,-0.17977905,0.105667114
1515664030443,-7.527817,-15.553345,-14.007584,1.3251038,1.3314819,-0.52838135
1515664030464,-11.121841,-23.399414,-18.869797,1.617096,0.6045532,-0.35734558
1515664030485,-4.2879333,-14.038696,-9.451645,0.21456909,-1.1730347,0.55404663
1515664030507,0.28953552,-2.7278137,10.009171,1.516922,-0.10647583,0.45263672
1515664030528,1.3878326,-2.0003967,8.925232,2.902359,-0.2921753,0.33657837
1515664030549,2.388031,-9.343979,-2.3569336,2.8791504,-2.7551727,-0.4563141
1515664030570,0.06460571,-22.791641,-4.1898346,0.8681793,-4.07341,-1.3359528
1515664030591,0.06460571,-22.791641,-4.1898346,0.8681793,-4.07341,-1.3359528
1515664030618,0.06460571,-22.791641,-4.1898346,0.8681793,-4.07341,-1.3359528
1515664030640,0.06460571,-22.791641,-4.1898346,0.8681793,-4.07341,-1.3359528
1515664030663,0.06460571,-22.791641,-4.1898346,0.8681793,-4.07341,-1.3359528
1515664030686,0.06460571,-22.791641,-4.1898346,0.8681793,-4.07341,-1.3359528
1515664030709,0.06460571,-22.791641,-4.1898346,0.8681793,-4.07341,-1.3359528
1515664030732,0.06460571,-22.791641,-4.1898346,0.8681793,-4.07341,-1.3359528
1515664030754,0.06460571,-22.791641,-4.1898346,0.8681793,-4.07341,-1.3359528
1515664030775,0.06460571,-22.791641,-4.1898346,0.8681793,-4.07341,-1.3359528
1515664030797,0.06460571,-22.791641,-4.1898346,0.8681793,-4.07341,-1.3359528
1515664030818,-2.0410767,-8.429916,1.5409851,0.26953125,-5.343994,0.4172058
1515664030859,-2.0410767,-8.429916,1.5409851,0.26953125,-5.343994,0.4172058
1515664030882,-2.0410767,-8.429916,1.5409851,0.26953125,-5.343994,0.4172058
1515664030904,-2.0410767,-8.429916,1.5409851,0.26953125,-5.343994,0.4172058
1515664030927,-2.0410767,-8.429916,1.5409851,0.26953125,-5.343994,0.4172058
1515664030950,-2.0410767,-8.429916,1.5409851,0.26953125,-5.343994,0.4172058
1515664030974,-2.0410767,-8.429916,1.5409851,0.26953125,-5.343994,0.4172058
1515664034202,-12.933212,-15.969696,-16.833511,0.26953125,-5.343994,0.4172058
1515664034229,-3.426529,-16.000809,5.7379913,2.5309448,1.837265,-3.3395844
1515664034258,-10.4375,-7.862808,-11.870789,-0.3278656,-0.23475647,0.64567566
1515664034279,0.88534546,-10.753342,7.9250336,1.3556366,-2.6928558,-0.19241333
1515664034300,-3.6873474,-26.287552,-13.060028,-0.99617004,-3.1546783,-1.4190216
1515664034321,0.61735535,-23.559738,17.118256,-1.2343903,-2.8199158,-0.85092163
1515664034343,2.4669952,-11.85643,11.203201,1.1858368,-0.57928467,0.117889404
1515664034364,4.0917206,-3.3020935,5.3599243,2.766739,-0.0050811768,-0.027496338
1515664034385,4.996216,-2.1559296,4.3166504,2.9328918,-0.13700867,-0.2461853
1515664034413,5.391037,-1.6749725,4.0701904,2.9683228,-0.19198608,-0.3756714
1515664034435,5.391037,-1.6749725,4.0701904,2.9683228,-0.19198608,-0.3756714
1515664034457,5.391037,-1.6749725,4.0701904,2.9683228,-0.19198608,-0.3756714
1515664034480,5.391037,-1.6749725,4.0701904,2.9683228,-0.19198608,-0.3756714
1515664034502,5.391037,-1.6749725,4.0701904,2.9683228,-0.19198608,-0.3756714
1515664040241,5.391037,-1.6749725,4.0701904,2.9683228,-0.19198608,-0.3756714
1515664040266,5.391037,-1.6749725,4.0701904,2.9683228,-0.19198608,-0.3756714
1515664040287,5.391037,-1.6749725,4.0701904,2.9683228,-0.19198608,-0.3756714
1515664040309,5.391037,-1.6749725,4.0701904,2.9683228,-0.19198608,-0.3756714
1515664040330,5.391037,-1.6749725,4.0701904,2.9683228,-0.19198608,-0.3756714
1515664040353,5.391037,-1.6749725,4.0701904,2.9683228,-0.19198608,-0.3756714
1515664040376,5.391037,-1.6749725,4.0701904,2.9683228,-0.19198608,-0.3756714
1515664040398,5.391037,-1.6749725,4.0701904,2.9683228,-0.19198608,-0.3756714
1515664040420,5.391037,-1.6749725,4.0701904,2.9683228,-0.19198608,-0.3756714
1515664040444,5.391037,-1.6749725,4.0701904,2.9683228,-0.19198608,-0.3756714
1515664040468,-0.27038574,-9.59761,0.6053772,-0.92407227,1.9472198,2.5026855
1515664040489,-0.69869995,-9.303299,0.87815857,-0.7689209,-2.1492004,-0.31703186
1515664040511,-0.9379883,-10.174286,1.2753754,-0.8275604,-2.0905457,-0.29504395
1515664040532,-0.36610413,-9.578476,1.701294,-0.50990295,-2.3006897,-0.20341492
1515664040553,-0.41156006,-8.843872,1.4596252,-0.096969604,-2.4228668,-0.26939392
1515664040574,-0.8661957,-8.788834,0.7465668,0.021530151,-2.2787018,-0.30358887
1515664040595,-1.2993011,-9.147766,0.7154541,-0.13850403,-2.1101074,-0.31214905
1515664040616,-1.3950195,-9.774673,1.0121613,-0.1776123,-2.185852,-0.21685791
1515664040638,-1.3375854,-9.867996,0.6699829,0.0716095,-2.5022736,-0.15209961
1515664040659,-1.552948,-9.753143,0.086135864,0.21333313,-2.4851685,-0.07879639
1515664040679,-2.6799622,-9.980469,-0.6149597,0.18888855,-2.2652588,0.005493164
1515664040700,-3.5389862,-9.958923,-0.8566284,0.1351471,-2.0709991,0.15942383
1515664040721,-3.5485535,-9.762711,-0.41874695,0.17056274,-2.041687,0.22662354
1515664040742,-3.345169,-10.00679,-0.30389404,0.1717987,-1.9378357,0.27059937
1515664040763,-3.4097748,-10.614563,-0.9068756,0.30252075,-1.7851257,0.28404236
1515664040786,-3.156128,-10.966309,-2.354538,0.4931183,-1.4699249,0.29136658
1515664040807,-1.8352966,-11.124237,-3.8213348,0.3892517,-0.73075867,0.40377808
1515664040832,-1.2993011,-10.363312,-4.6540375,0.050842285,-0.53530884,0.4318695
1515664040855,-2.0578308,-10.205383,-3.653839,-0.3791809,-1.7997742,0.4453125
1515664040876,-1.552948,-9.497116,-0.3014984,-0.83122253,-2.3666534,0.52471924
1515664040897,-1.1030884,-9.300903,1.2275238,-1.2087402,-1.9280701,0.5161743
1515664040919,-1.2155609,-9.310471,2.009964,-1.1757355,-1.1608124,0.44651794
1515664040939,-1.3639069,-8.630905,1.8568268,-0.3608551,-1.0557556,0.21929932
1515664040961,-1.6678009,-9.611969,0.47616577,0.5053253,-1.0423126,0.25959778
1515664040982,-1.730011,-10.37767,-0.7537384,0.3978119,-0.95188904,0.22294617
1515664041004,-2.3473663,-10.334595,-0.7465668,-0.15682983,-0.8895874,0.24127197
1515664041025,-2.2014008,-9.755539,0.01675415,-0.31687927,-0.914032,0.29014587
1515664041046,-2.3042908,-9.489929,0.1986084,-0.18493652,-0.9372406,0.23394775
1515664041067,-2.4478607,-9.389435,0.2679901,-0.10795593,-0.9555664,0.15208435
1515664041088,-2.8283234,-9.702896,0.44984436,-0.17393494,-0.81018066,0.036026
1515664041109,-3.4145508,-10.140778,0.36131287,-0.21426392,-0.7246704,-0.056793213
1515664041132,-4.0055847,-10.267609,0.22013855,-0.121398926,-0.927475,-0.07513428
1515664041153,-3.706482,-9.698105,0.5168457,-0.18981934,-0.9641266,0.021377563
1515664041174,-3.3020935,-9.262619,0.74417114,-0.29855347,-0.7796478,0.0848999
1515664041195,-3.0221405,-9.188446,0.7896271,-0.26435852,-0.85539246,0.05558777
1515664041216,-2.8091736,-9.406189,0.7346039,-0.15682983,-1.0361938,0.049468994
1515664041237,-2.691925,-9.533005,0.70588684,-0.15560913,-1.1082764,0.07145691
1515664041258,-2.5507507,-9.5282135,0.68673706,-0.17393494,-1.2610016,0.058029175
1515664041279,-2.4406738,-9.571289,0.44506836,-0.065200806,-1.4845734,0.053131104
1515664041300,-2.4646149,-9.6957245,0.1268158,-0.032226562,-1.6079712,0.053131104
1515664041320,-2.399994,-9.662216,0.057434082,-0.032226562,-1.6886139,0.037261963
1515664041342,-2.3976135,-9.477966,0.1986084,-0.035873413,-1.6287384,-0.006729126
1515664041363,-2.6656036,-9.489929,0.31106567,-0.1592865,-1.3110962,-0.04336548
1515664041384,-2.823532,-9.382263,0.4355011,-0.20082092,-1.1266022,-0.07513428
1515664041406,-2.9431763,-9.267395,0.5048828,-0.1617279,-0.980011,-0.12643433
1515664041431,-3.3523407,-9.542572,0.31106567,-0.021224976,-1.0276642,-0.23638916
1515664041452,-3.672989,-9.877579,0.04307556,0.023971558,-1.0606384,-0.18508911
1515664041475,-3.1896362,-9.408585,-0.28234863,-0.01878357,-1.0814056,-0.1337738
1515664041496,-3.0652008,-9.238693,-0.45942688,0.038619995,-1.2316742,-0.12643433
1515664041517,-2.9359894,-9.5234375,-0.45703125,0.08383179,-1.2866516,-0.11178589
1515664041538,-2.6321106,-9.652649,-0.3397827,0.12536621,-1.1987,-0.12277222
1515664041559,-2.514862,-9.609573,-0.06460571,0.12414551,-0.82484436,-0.18508911
1515664041580,-2.5842438,-9.475586,-0.01914978,0.07527161,-0.40090942,-0.28038025
1515664041604,-2.7445679,-9.442078,-0.03111267,-0.05909729,0.10609436,-0.30848694
1515664041628,-2.897705,-9.757935,0.110076904,-0.1104126,0.16963196,-0.33291626
1515664041649,-3.0556335,-9.982849,0.66760254,-0.15194702,0.2160492,-0.38056946
1515664041670,-3.390625,-10.045074,1.4404755,-0.20326233,0.4701538,-0.34268188
1515664041691,-3.4815521,-9.992432,1.1102753,-0.14094543,0.40052795,-0.27671814
1515664041712,-3.3475647,-9.887146,0.72502136,-0.12872314,0.09631348,-0.13743591
1515664041734,-2.979065,-9.970886,0.8279114,-0.09085083,-0.30317688,0.016494751
1515664041755,-2.5914307,-10.1527405,0.36610413,0.05328369,-0.6122589,0.14476013
1515664041778,-2.4191437,-10.09053,-0.028717041,0.15223694,-0.83462524,0.23150635
1515664041800,-2.7804565,-10.040283,-0.114852905,0.00440979,-0.5853882,0.25471497
1515664041822,-2.8163452,-9.710068,-0.65563965,-0.30589294,-0.2310791,0.37077332
1515664041844,-2.376068,-9.195618,-0.87815857,-0.46472168,-0.26408386,0.47340393
1515664041867,-1.7084808,-9.279373,-0.44506836,-0.5477905,-0.2897339,0.58213806
1515664041890,-1.0217285,-10.040283,-0.16749573,-0.65652466,-0.15901184,0.58213806
1515664041911,-0.52163696,-10.78685,-0.18664551,-0.6504059,-0.27261353,0.4954071
1515664041934,-0.4665985,-11.102692,-0.4091797,-0.55999756,-0.5890503,0.359787
1515664041957,-0.6316986,-10.200607,-0.7848511,-0.56243896,-0.9848938,0.24250793
1515664041980,-1.6103668,-9.870392,-0.624527,-0.7139435,-0.9506836,0.1667633
1515664042004,-2.6129608,-10.198212,-0.63648987,-0.93263245,-0.5878296,0.24983215
1515664042028,-3.0245209,-10.303497,-0.5670929,-0.99005127,-0.49253845,0.3610077
1515664042050,-2.5651093,-9.698105,0.35653687,-0.89842224,-0.30682373,0.40742493
1515664042072,-2.1320038,-9.269791,0.6412811,-0.87153625,0.10853577,0.3842163
1515664042094,-1.9453583,-9.255432,0.41156006,-0.7823639,0.42617798,0.31336975
1515664042117,-2.6895294,-10.00679,-0.3900299,-0.56611633,0.14518738,0.28160095
1515664042142,-3.2973022,-10.657639,-1.8687897,-0.44148254,-0.5145416,0.4318695
1515664042164,-3.2686005,-10.487747,-3.1992035,-0.61009216,-0.8688202,0.6542206
1515664042186,-3.1680908,-9.284149,-2.9024963,-1.0010529,-0.41923523,0.7971649
1515664042209,-4.3908234,-8.705093,-2.3497467,-1.0254822,0.14395142,0.8057251
1515664042230,-4.08934,-9.025726,-2.6560364,-0.8935394,0.23925781,0.8472595
1515664042252,-3.1322021,-9.731613,-2.5770721,-0.92407227,0.6534271,0.7470703
1515664042275,-2.9551392,-10.217346,-3.431305,-0.9497223,0.8073578,0.60046387
1515664042297,-2.9527435,-10.018753,-3.4552307,-0.83732605,0.5752411,0.4563141
1515664042323,-3.0843506,-9.214767,-2.7637177,-0.8238983,0.30523682,0.38789368
1515664042348,-3.0963135,-8.358124,-1.5625153,-0.7872467,0.25146484,0.31336975
1515664042370,-3.3834534,-7.6498566,-1.7611237,-0.6296387,0.33943176,0.18873596
1515664042393,-3.1920319,-7.561325,-1.7802582,-0.46348572,0.38464355,0.12277222
1515664042417,-2.4430695,-7.4321136,-1.9788666,-0.30465698,0.4542694,-0.004272461
1515664042441,-2.1032867,-6.8602295,-2.0195465,-0.1934967,0.451828,-0.10688782
1515664042464,-1.9501495,-6.3840485,-2.1248322,-0.0639801,0.35043335,-0.20097351
1515664042486,-1.9573364,-6.587448,-2.6368866,0.15467834,0.02180481,-0.37322998
1515664042510,-2.2588196,-7.307678,-3.3619232,0.25730896,-0.22499084,-0.4819641
1515664042531,-2.938385,-7.836487,-4.3214417,0.25242615,-0.3251648,-0.5002899
1515664042552,-4.0055847,-8.405991,-5.8408813,0.14859009,-0.3935852,-0.45263672
1515664042573,-5.824127,-9.030518,-6.788437,0.08139038,-0.5621643,-0.29260254
1515664042596,-6.0921326,-8.078171,-4.6660004,0.1204834,-0.82850647,-0.1313324
1515664042619,-5.4795685,-7.207184,-2.5531464,0.21821594,-0.3153839,-0.13865662
1515664042640,-5.498703,-7.4249268,-2.4550323,0.36972046,-0.19442749,0.045806885
1515664042661,-5.6446686,-7.4273224,-4.4817505,0.70692444,-0.42167664,0.06291199
1515664042684,-4.898102,-6.673584,-4.742569,0.54563904,-0.3166046,-0.033584595
1515664042706,-3.6347046,-6.3960114,-2.2348938,0.4454651,0.38708496,-0.21806335
1515664042731,-3.7734833,-7.7766724,-4.2424774,0.6763611,0.27835083,-0.16796875
1515664042760,-3.7519531,-9.628723,-6.0346985,0.74845886,-0.112579346,-0.08734131
1515664042785,-5.2785645,-8.8367,-4.709076,0.7863159,-0.009963989,-0.1349945
1515664042811,-4.4578247,-10.267609,-2.165512,0.8376312,0.29179382,-0.18629456
1515664042837,-3.2111664,-14.129623,-7.199997,0.7178955,0.32356262,-0.43554688
1515664042863,-4.4147644,-16.867004,-8.003998,0.06428528,0.5410309,-0.23638916
1515664042888,-3.2781677,-13.773087,-2.2564392,0.61161804,-0.5670624,-0.29136658
1515664042915,-2.4885406,-8.566299,4.0079803,0.9707947,-0.8798218,-0.65179443
1515664042940,-1.4021912,-6.135193,3.1298065,0.40148926,0.97351074,-0.43675232
1515664042967,-0.42591858,-4.898102,1.4931183,-0.18125916,1.7077637,-0.30848694
1515664042995,-0.85902405,-8.106888,1.3304138,0.016647339,1.8727112,-0.60780334
1515664043020,-2.7852478,-10.140778,2.153534,0.7044525,1.0798035,-0.57603455
1515664043046,-3.5270233,-10.58345,1.2801666,0.8669586,0.87332153,-0.1459961
1515664043069,-2.675171,-9.769897,0.1268158,0.64826965,0.2355957,0.12155151
1515664043092,-2.2875366,-9.322433,-0.27278137,0.64826965,-0.861496,0.13619995
1515664043115,-1.9597168,-9.236298,0.050247192,0.86328125,-1.7044983,0.12155151
1515664043138,-1.7276154,-9.28894,0.15792847,0.85839844,-1.8437653,0.077560425
1515664043161,-1.7108612,-9.418152,-0.33021545,0.69104004,-1.7435913,-0.0116119385
1515664043183,-1.935791,-9.561722,-0.18902588,0.56030273,-1.7814484,-0.1667633
1515664043205,-2.7589264,-9.978073,0.5312042,0.48088074,-1.429596,-0.28527832
1515664043226,-2.6679993,-9.442078,0.68673706,0.41125488,-0.97024536,-0.32557678
1515664043247,-2.6656036,-9.348755,0.107681274,0.519989,-0.82850647,-0.30604553
1515664043268,-2.411972,-9.061615,-0.59103394,0.5529785,-1.1204987,-0.26205444
1515664043289,-2.2755737,-8.635696,-0.7154541,0.29885864,-1.5383301,-0.2669525
1515664043310,-2.2540436,-8.654846,-0.39242554,0.05328369,-1.8681946,-0.25595093
1515664043331,-2.1391907,-9.052048,0.30389404,-0.019989014,-2.303131,-0.24739075
1515664043352,-2.3808594,-9.482758,1.2179413,0.10948181,-2.4204254,-0.31336975
1515664043374,-2.663208,-9.358322,1.9405823,0.51509094,-2.3067932,-0.40621948
1515664043396,-3.0317078,-9.379868,1.8664093,1.0245667,-1.560318,-0.59924316
1515664043417,-3.5700989,-9.923035,0.67477417,1.0514374,-0.5817261,-0.6835327
1515664043442,-4.0079803,-10.35614,-1.6773682,0.9573517,-0.15901184,-0.63101196
1515664043465,-4.311859,-10.281952,-2.938385,0.40881348,-0.43267822,-0.48684692
1515664043486,-4.2352905,-9.748352,-1.6869354,-0.4133911,-0.6012726,-0.31459045
1515664043507,-3.9553375,-9.812973,0.20100403,-0.81411743,-0.6220398,-0.25350952
1515664043529,-4.1563263,-10.717453,1.8759766,-0.74935913,-0.45832825,-0.26939392
1515664043553,-4.5224304,-12.428314,1.655838,-0.21791077,-0.5817261,-0.2645111
1515664043577,-5.2737885,-13.31366,0.39720154,0.29275513,-0.9347992,-0.23150635
1515664043606,-7.5182495,-13.249054,-2.945572,0.22554016,-1.1241608,0.056793213
1515664043632,-8.405991,-12.753738,-4.359726,-0.97540283,-0.10769653,0.90345764
1515664043656,-4.508072,-11.801407,-4.881363,-2.5453033,1.7370911,1.5949402
1515664043680,-1.1102753,-11.966507,0.16989136,-2.709015,2.6448517,1.8478394
1515664043704,-0.27038574,-12.495316,2.5292206,-2.2435455,3.4548492,1.836853
1515664043727,-0.22253418,-14.065018,1.799408,-2.6100616,2.9343872,1.6071777
1515664043751,-0.25125122,-15.180069,4.6707916,-2.6186066,1.1078949,1.552185
1515664043776,0.6460571,-13.0169525,4.106079,-1.5544891,-0.20298767,1.395813
1515664043801,-2.3306122,-9.9039,-2.4622192,-0.3816223,-0.83462524,1.1563568
1515664043826,-4.187439,-8.647659,-2.519638,-1.4872894,0.18795776,1.5546417
1515664043854,-3.488739,-7.3363953,2.802002,-1.5410461,1.6479034,1.6438293
1515664043879,-3.2686005,-6.8650055,1.5625153,-0.7933502,1.6821136,1.3457184
1515664043905,-1.071991,-6.3338013,2.1391907,-0.46348572,1.4878693,1.0732727
1515664043930,0.38285828,-5.831314,2.1990051,-0.20935059,1.864151,0.6517792
1515664043957,0.82073975,-5.13739,0.30867004,0.14125061,1.8482666,0.33901978
1515664043982,0.5024872,-5.5322113,-0.68196106,0.59451294,1.3204803,0.1826477
1515664044007,-0.0765686,-5.9940186,-1.8640137,0.9207001,0.78292847,-0.025039673
1515664044035,-2.0147552,-6.9344025,-4.37648,1.154068,-0.16389465,-0.31336975
1515664044058,-3.9792633,-7.659424,-4.3046875,1.245697,-0.5365143,-0.40621948
1515664044081,-5.36232,-8.504089,-4.5966187,1.2676849,-0.09669495,-0.40498352
1515664044107,-7.3411865,-9.707687,-6.4366913,0.89016724,0.4860382,-0.14720154
1515664044131,-8.513657,-10.78923,-9.265015,0.2353363,1.0737,0.45263672
1515664044153,-6.628113,-10.203003,-8.889343,0.14125061,0.99671936,0.53816223
1515664044175,-4.369293,-9.59761,-7.934601,0.32817078,0.5727844,0.48316956
1515664044198,-2.5746765,-8.659622,-6.1543427,0.46255493,-0.040512085,0.6187897
1515664044223,-1.2634125,-7.1210327,-2.5627136,0.70936584,0.018127441,0.47096252
1515664044248,-0.71066284,-10.655243,-0.8183441,0.9597931,0.5239258,-0.19364929
1515664044273,-2.7278137,-19.499115,-4.546356,1.1992798,-0.5914917,-1.2638702
1515664044298,-9.006592,-25.773087,-9.619141,-0.26924133,-0.29093933,-1.0964966
1515664044322,-0.01914978,-8.736191,8.654846,-0.05543518,-2.1675262,0.06291199
1515664044346,1.8879395,-3.373886,4.4865417,0.31596375,-0.5365143,-0.021377563
1515664044369,2.2875366,-1.0241241,4.955536,0.5236511,0.124420166,-0.32191467
1515664044392,2.148758,-4.043869,4.003189,0.87184143,0.89164734,-1.0879364
1515664044414,0.73220825,-7.4249268,3.4983063,0.8510742,1.0761414,-1.5583038
1515664044436,0.73220825,-7.4249268,3.4983063,0.8510742,1.0761414,-1.5583038
1515664044459,-3.9625092,-12.957138,0.49531555,0.59085083,0.8818817,-0.60292053
1515664044483,-2.490921,-9.951752,-3.4217377,1.4827118,-1.831543,-0.4746399
1515664044507,-3.9553375,-10.325027,-1.2012024,2.8217163,-5.075226,-0.91690063
1515664044532,-3.8117676,-8.949158,-2.1583252,1.9726257,-4.2273407,-0.5271759
1515664044555,-3.5820618,-8.391632,-3.5724792,1.2493591,-3.9317017,-0.40377808
1515664044581,-4.0295105,-10.00679,-2.153534,0.10215759,-2.557251,-0.1484375
1515664044605,-3.866806,-9.992432,0.2368927,-0.48425293,-0.9848938,-0.11178589
1515664044636,-4.0414734,-9.332016,1.6031952,-0.6186371,0.35411072,-0.21318054
1515664044660,-4.043869,-9.439682,1.0432739,-0.49525452,0.5092621,-0.09346008
1515664044683,-3.2901306,-9.064011,0.55992126,-0.13362122,-0.49253845,0.037261963
1515664044706,-2.3856506,-9.025726,1.2801666,0.35871887,-1.7912292,-0.042144775
1515664044729,-1.8592224,-8.719452,1.7970123,0.70936584,-2.2982483,-0.12887573
1515664044752,-1.2251282,-8.561523,1.6630096,1.1235046,-2.2432709,-0.28282166
1515664044778,-1.2370911,-9.209976,-0.08135986,1.6024323,-1.8071136,-0.5088501
1515664044806,-3.4121704,-11.057236,-3.144165,0.7203369,-0.39234924,-0.6786499
1515664044834,-4.297516,-10.02832,-1.7108612,-0.45492554,-0.16389465,-0.5528259
1515664044860,-4.886139,-10.303497,0.7728882,-0.7102661,-0.3092804,-0.4721985
1515664044882,-5.2833557,-10.983063,0.9020996,-0.27288818,-0.76252747,-0.34146118
1515664044903,-5.2737885,-11.085953,-0.59820557,0.18400574,-1.2585602,-0.19241333
1515664044924,-5.785843,-11.600403,-2.9527435,0.107040405,-1.4626007,-0.054351807
1515664044947,-6.982254,-12.483353,-3.4217377,-0.6980591,-0.6379242,0.3610077
1515664044970,-6.6065826,-12.890137,-1.1509552,-1.7731781,1.3119354,0.90345764
1515664044993,-4.783249,-12.813568,0.6006012,-2.0321808,2.227005,1.4666748
1515664045017,-2.8785706,-12.978668,1.799408,-1.9564362,2.6314087,1.9187012
1515664045040,-1.5385895,-14.395218,1.5481567,-2.3766937,2.7645721,2.0885315
1515664045069,-0.33738708,-16.764114,1.2945099,-2.844635,1.5452881,1.9749146
1515664045095,1.3686981,-16.022339,5.510666,-1.7365112,-0.06616211,1.884491
1515664045120,1.586441,-11.210373,0.2536316,-0.07376099,-0.35081482,1.35672
1515664045145,-1.105484,-8.355743,-4.689926,-0.72494507,0.8904419,1.164917
1515664045171,-1.5816498,-6.7860413,-2.3401794,-1.756073,1.3437042,1.1783295
1515664045196,-1.4476624,-6.32901,2.1798553,-1.2893677,0.5226898,1.0182953
1515664045221,-1.4739838,-6.6999054,3.0460663,-0.6418457,0.3040161,0.8838959
1515664045247,-1.4883423,-6.522827,3.6059875,-0.52334595,0.9674225,0.72753906
1515664045276,-0.8542328,-6.18544,1.2849426,-0.3095398,2.030304,0.51249695
1515664045304,-0.27757263,-6.1878357,-0.3134613,0.0740509,1.9398956,0.32313538
1515664045332,-0.112457275,-6.111267,-1.6223297,0.57496643,1.0798035,0.070236206
1515664045356,-1.1246338,-6.250046,-2.514862,0.9280548,0.29179382,-0.22050476
1515664045416,-2.6057892,-6.525223,-2.5507507,1.2163696,-0.23719788,-0.3634491
1515664045439,-2.6057892,-6.525223,-2.5507507,1.2163696,-0.23719788,-0.3634491
1515664045460,-2.6057892,-6.525223,-2.5507507,1.2163696,-0.23719788,-0.3634491
1515664045482,-2.6057892,-6.525223,-2.5507507,1.2163696,-0.23719788,-0.3634491
1515664045506,-2.6057892,-6.525223,-2.5507507,1.2163696,-0.23719788,-0.3634491
1515664045528,-2.6057892,-6.525223,-2.5507507,1.2163696,-0.23719788,-0.3634491
1515664045876,0.15553284,-7.1066895,6.30748,0.8376312,1.3265991,-1.1991272
1515664045898,-2.2588196,-8.355743,-2.4335022,0.9671478,-3.7484283,-0.29870605
1515664045919,-2.1678925,-9.233902,-1.0121613,0.32695007,-2.62323,-0.4477539
1515664045940,-3.3427734,-9.722046,-0.062210083,-0.15194702,-1.3770599,-0.67744446
1515664045961,-4.4362946,-9.911072,0.7896271,-0.4036255,-0.5230713,-0.72753906
1515664045982,-4.6779633,-9.611969,1.2035828,-0.17393494,-0.3276062,-0.55770874
1515664046003,-4.536789,-9.39183,1.138977,-0.03831482,-0.43756104,-0.5039673
1515664046032,-4.536789,-9.39183,1.138977,-0.03831482,-0.43756104,-0.5039673
1515664046053,-4.536789,-9.39183,1.138977,-0.03831482,-0.43756104,-0.5039673
1515664046075,-4.536789,-9.39183,1.138977,-0.03831482,-0.43756104,-0.5039673
1515664046096,-4.536789,-9.39183,1.138977,-0.03831482,-0.43756104,-0.5039673
1515664046117,-4.536789,-9.39183,1.138977,-0.03831482,-0.43756104,-0.5039673
1515664047170,0.45942688,-5.2953186,0.48095703,-0.03831482,-0.43756104,-0.5039673
1515664047194,-2.6057892,-8.248062,-2.325821,0.76434326,-3.5163116,-0.3756714
1515664047216,-3.345169,-9.475586,-0.5383911,0.050842285,-1.4247131,-0.4269867
1515664047237,-3.7567291,-9.693329,-0.38763428,-0.28512573,-0.78941345,-0.47340393
1515664047258,-4.194626,-9.774673,0.3134613,-0.47080994,-0.6635742,-0.45751953
1515664047279,-4.1850433,-9.571289,1.2897339,-0.45492554,-0.70266724,-0.32435608
1515664047300,-3.6394806,-8.922836,1.5553284,-0.29489136,-0.82240295,-0.21929932
1515664047321,-2.7565308,-8.011169,1.7395782,0.13146973,-1.2878876,-0.20217896
1515664047343,-1.9740753,-7.9130707,2.2157593,0.7020111,-1.8474274,-0.32681274
1515664047364,-2.0003967,-8.688339,2.4382935,0.9597931,-1.9207458,-0.3866577
1515664047411,-1.9190369,-10.238892,2.1990051,1.359314,-1.5529938,-0.4294281
1515664047433,-1.9190369,-10.238892,2.1990051,1.359314,-1.5529938,-0.4294281
1515664047454,-1.9190369,-10.238892,2.1990051,1.359314,-1.5529938,-0.4294281
1515664047476,-1.9190369,-10.238892,2.1990051,1.359314,-1.5529938,-0.4294281
1515664047500,-1.9190369,-10.238892,2.1990051,1.359314,-1.5529938,-0.4294281
1515664047524,-1.9190369,-10.238892,2.1990051,1.359314,-1.5529938,-0.4294281
1515664048567,-4.8550415,-12.232117,0.8111725,1.359314,-1.5529938,-0.4294281
1515664048605,-4.010376,-9.267395,0.825531,-0.044433594,-0.75276184,-0.20462036
1515664048626,-3.0963135,-8.193024,0.78723145,0.09605408,-0.81874084,-0.102005005
1515664048647,-2.5411835,-8.760132,1.5433655,0.62506104,-1.3208618,-0.14964294
1515664048668,-2.4095764,-9.815353,1.5816498,0.99035645,-1.2622375,-0.24983215
1515664048689,-2.5005035,-10.475784,0.89730835,0.9573517,-1.0386505,-0.30236816
1515664048711,-2.8809662,-11.196014,-0.095718384,0.8804016,-1.136383,-0.31214905
1515664048732,-3.5892334,-11.282166,-0.6771698,0.87672424,-1.3868408,-0.3817749
1515664048753,-4.297516,-11.868393,-1.6869354,0.8486328,-1.507782,-0.3768921
1515664048796,-4.565506,-12.296722,-3.1178436,0.7240143,-1.6751709,-0.3634491
1515664048817,-4.565506,-12.296722,-3.1178436,0.7240143,-1.6751709,-0.3634491
1515664048839,-4.565506,-12.296722,-3.1178436,0.7240143,-1.6751709,-0.3634491
1515664048860,-4.565506,-12.296722,-3.1178436,0.7240143,-1.6751709,-0.3634491
1515664048884,-4.565506,-12.296722,-3.1178436,0.7240143,-1.6751709,-0.3634491
1515664048909,-4.565506,-12.296722,-3.1178436,0.7240143,-1.6751709,-0.3634491
1515664052975,-4.565506,-12.296722,-3.1178436,0.7240143,-1.6751709,-0.3634491
1515664053004,-4.565506,-12.296722,-3.1178436,0.7240143,-1.6751709,-0.3634491
1515664053027,-4.565506,-12.296722,-3.1178436,0.7240143,-1.6751709,-0.3634491
1515664053048,-4.565506,-12.296722,-3.1178436,0.7240143,-1.6751709,-0.3634491
1515664053071,-4.565506,-12.296722,-3.1178436,0.7240143,-1.6751709,-0.3634491
1515664053092,-4.565506,-12.296722,-3.1178436,0.7240143,-1.6751709,-0.3634491
1515664053113,-4.565506,-12.296722,-3.1178436,0.7240143,-1.6751709,-0.3634491
1515664053134,-4.565506,-12.296722,-3.1178436,0.7240143,-1.6751709,-0.3634491
1515664053155,-4.565506,-12.296722,-3.1178436,0.7240143,-1.6751709,-0.3634491
1515664053176,-4.565506,-12.296722,-3.1178436,0.7240143,-1.6751709,-0.3634491
1515664053197,-2.2348938,-8.212173,1.1246338,0.7240143,-1.6751709,-0.3634491
1515664053245,-1.0576324,-11.222336,-5.860016,1.1369476,-0.075927734,0.28526306
1515664053266,-1.0576324,-11.222336,-5.860016,1.1369476,-0.075927734,0.28526306
1515664053288,-1.0576324,-11.222336,-5.860016,1.1369476,-0.075927734,0.28526306
1515664053310,-1.0576324,-11.222336,-5.860016,1.1369476,-0.075927734,0.28526306
1515664053331,-1.0576324,-11.222336,-5.860016,1.1369476,-0.075927734,0.28526306
1515664053358,-1.0576324,-11.222336,-5.860016,1.1369476,-0.075927734,0.28526306
1515664058213,-1.0576324,-11.222336,-5.860016,1.1369476,-0.075927734,0.28526306
1515664058237,-0.8685913,-4.9507446,3.6825562,1.1369476,-0.075927734,0.28526306
1515664058262,-2.5363922,-8.822342,0.9499512,1.1369476,-0.075927734,0.28526306
1515664058302,1.277771,-19.487152,-2.1152496,0.9439392,-2.3849792,-1.6352692
1515664058323,-2.411972,-28.625336,-1.8209381,0.04473877,-0.33737183,-1.2711945
1515664058344,-0.29431152,-14.883362,5.8073883,0.40881348,-1.8010101,-0.32313538
1515664058366,1.5984039,-5.7260284,4.443466,0.49188232,-1.0691986,-0.22174072
1515664058406,1.696518,-3.4049835,4.9914246,0.5224304,-0.68678284,-0.4611969
1515664058427,1.696518,-3.4049835,4.9914246,0.5224304,-0.68678284,-0.4611969
1515664058448,1.696518,-3.4049835,4.9914246,0.5224304,-0.68678284,-0.4611969
1515664058469,1.696518,-3.4049835,4.9914246,0.5224304,-0.68678284,-0.4611969
1515664058490,1.696518,-3.4049835,4.9914246,0.5224304,-0.68678284,-0.4611969
1515664058512,1.696518,-3.4049835,4.9914246,0.5224304,-0.68678284,-0.4611969
1515664071202,1.696518,-3.4049835,4.9914246,0.5224304,-0.68678284,-0.4611969
1515664071224,1.696518,-3.4049835,4.9914246,0.5224304,-0.68678284,-0.4611969
1515664071256,1.696518,-3.4049835,4.9914246,0.5224304,-0.68678284,-0.4611969
1515664071277,1.696518,-3.4049835,4.9914246,0.5224304,-0.68678284,-0.4611969
1515664071298,1.696518,-3.4049835,4.9914246,0.5224304,-0.68678284,-0.4611969
1515664071320,1.696518,-3.4049835,4.9914246,0.5224304,-0.68678284,-0.4611969
1515664071341,1.696518,-3.4049835,4.9914246,0.5224304,-0.68678284,-0.4611969
1515664071362,1.696518,-3.4049835,4.9914246,0.5224304,-0.68678284,-0.4611969
1515664071387,1.696518,-3.4049835,4.9914246,0.5224304,-0.68678284,-0.4611969
1515664071408,1.696518,-3.4049835,4.9914246,0.5224304,-0.68678284,-0.4611969
1515664071430,-2.7134552,-10.25325,3.110672,0.5224304,-0.68678284,-0.4611969
1515664071452,0.27757263,6.0849457,7.544571,-2.2801971,0.09753418,-1.1697998
1515664071473,0.13877869,6.735794,5.974884,0.41001892,-0.16755676,-0.29380798
1515664071494,-0.8542328,6.2069855,5.93898,0.24510193,-0.17977905,-0.25595093
1515664071519,-0.0047912598,6.3505554,6.1040955,-0.05909729,0.13298035,-0.0018310547
1515664071540,0.7992096,6.6711884,6.3672943,-0.16293335,0.051116943,-0.09346008
1515664071562,0.3756714,6.7214355,8.173889,-0.12506104,0.051116943,-0.20706177
1515664071583,-0.6795654,5.95813,7.5804596,0.11804199,0.16719055,-0.1337738
1515664071604,-0.5264282,6.202194,7.171295,0.24876404,0.059661865,0.015258789
1515664071625,0.29431152,6.7166595,6.8410797,0.35749817,-1.9836426E-4,0.034820557
1515664071646,0.2871399,6.8841553,6.4342957,0.40148926,-0.16999817,-0.040924072
1515664071667,0.052642822,6.8602295,6.5778656,0.35627747,-0.24575806,-0.06535339
1515664071689,0.20100403,6.71904,6.41037,0.25610352,-0.04295349,-0.014053345
1515664071711,0.38763428,7.130615,6.4319153,0.11192322,-0.011199951,-0.010375977
1515664071733,0.30867004,7.0420837,6.9176483,0.10215759,-0.04171753,-0.045806885
1515664071755,0.24406433,6.879364,6.7166595,0.13635254,-0.031951904,-0.050704956
1515664071779,0.46420288,7.1186523,6.69751,0.09359741,-0.05882263,-0.07267761
1515664071802,0.2416687,7.0420837,7.0612183,0.11682129,-0.07348633,-0.14231873
1515664071824,-0.0023956299,6.953537,6.726227,0.10948181,0.035232544,-0.114227295
1515664071848,0.23449707,7.1904297,5.6063843,-0.017547607,0.08898926,-0.10810852
1515664071871,0.23928833,6.69751,6.02034,-0.21670532,0.19160461,-0.14476013
1515664071897,-0.026321411,6.948761,6.273987,-0.29977417,0.21481323,-0.16308594
1515664071918,-0.63648987,6.65683,6.71904,-0.31932068,0.2795868,-0.11300659
1515664071939,-0.06700134,6.592224,6.1495514,-0.39874268,0.38342285,-0.026260376
1515664071964,0.39720154,6.8147583,6.139984,-0.48057556,0.3040161,-0.07879639
1515664071985,0.009567261,6.563507,6.5850525,-0.49645996,0.14640808,-0.18997192
1515664072006,-0.39959717,6.2859497,6.970291,-0.54045105,0.3027954,-0.19117737
1515664072028,-0.59820557,6.1088715,6.726227,-0.55877686,0.33088684,-0.16552734
1515664072051,-0.7537384,5.9198456,6.764511,-0.55389404,0.7194061,0.058029175
1515664072072,-0.5407715,6.1447754,6.1208344,-0.57466125,0.5654602,0.09590149
1515664072095,0.050247192,6.0227356,7.996811,-0.4121704,-0.3215027,-0.005508423
1515664072116,-0.59580994,5.9365997,8.047058,-0.26924133,0.018127441,-0.029937744
1515664072137,-0.75613403,5.922241,7.716858,-0.1116333,0.12564087,-0.06047058
1515664072157,-0.7992096,5.6805573,7.5708923,-0.03466797,0.31134033,-0.005508423
1515664072180,-0.8518524,5.8169556,7.482361,0.03617859,0.18551636,0.05558777
1515664072201,-0.61016846,6.008377,7.2095795,-0.08718872,0.07676697,0.102005005
1515664072223,-0.44267273,6.3505554,7.188034,-0.22770691,0.18183899,0.021377563
1515664072244,-0.39482117,6.273987,7.085144,-0.35231018,0.39320374,-0.06413269
1515664072269,-0.5431671,6.151947,7.7527466,-0.43904114,-1.9836426E-4,-0.06291199
1515664072291,-0.55513,6.1567383,8.305481,-0.3889618,-0.293396,-0.07513428
1515664072313,-0.9020996,6.1256256,8.001602,-0.3938446,-0.007522583,-0.0848999
1515664072334,-0.53359985,5.9126587,7.0995026,-0.5001373,0.079208374,-0.09346008
1515664072355,-0.53359985,5.8002014,7.556534,-0.59054565,-0.124801636,-0.09223938
1515664072377,-0.72502136,5.6685944,8.949158,-0.49891663,-0.20542908,-0.14231873
1515664072399,-0.90448,5.190033,9.209976,-0.33520508,0.07432556,-0.0665741
1515664072426,-0.5862427,5.453247,8.772095,0.017852783,0.27468872,-0.022583008
1515664072451,-0.7896271,5.2833557,7.996811,0.20845032,0.17207336,-0.045806885
1515664072473,-1.5720825,5.4891357,8.159531,0.23654175,0.02180481,0.05558777
1515664072495,-1.1174469,5.417343,7.4967194,0.2512207,0.12197876,0.09712219
1515664072516,-0.9643097,5.5944214,7.544571,0.15467834,0.19648743,0.0519104
1515664072538,-0.6699829,5.4436646,7.4273224,0.015411377,0.41885376,0.08856201
1515664072559,-0.3134613,5.3647156,7.1497498,0.049621582,0.33822632,0.004257202
1515664072580,-0.35414124,5.6351013,8.238495,0.110702515,0.2856903,-0.07879639
1515664072605,-1.2179413,5.32164,7.7072754,0.25975037,0.39196777,-0.1667633
1515664072626,-1.4333038,5.1134644,6.8530426,0.25486755,0.24414062,-0.00793457
1515664072647,-0.73698425,5.4221344,6.6257324,0.12536621,0.1390686,0.07267761
1515664072668,-0.37327576,5.860016,7.6737823,0.025177002,0.1525116,-0.031143188
1515664072689,-0.74417114,5.9533386,8.360519,0.043502808,0.24414062,-0.20217896
1515664072710,-1.6390839,5.9724884,8.035095,0.0887146,0.39196777,-0.26815796
1515664072731,-2.182251,6.0466614,8.090134,0.1828003,0.34066772,-0.21929932
1515664072752,-2.1248322,5.883957,9.004196,0.32817078,0.2820282,-0.13621521
1515664072773,-1.7395782,5.8672028,8.437088,0.61039734,0.3968506,-0.09590149
1515664072794,-1.9333954,5.9820557,7.7240295,0.6971283,0.38832092,-0.07513428
1515664072817,-1.8137665,6.3338013,7.1593323,0.5896301,0.46650696,-0.0030670166
1515664072840,-2.0578308,6.5611267,6.5276184,0.54319763,0.36753845,-0.06047058
1515664072861,-1.9932251,6.45105,6.489334,0.37460327,0.24049377,-0.06413269
1515664072884,-2.0291138,6.508484,6.850647,0.30740356,0.33699036,-0.054351807
1515664072907,-2.0721893,6.6065826,7.5684967,0.36238098,0.30645752,-0.054351807
1515664072929,-2.2588196,6.4701996,3.723236,-0.044433594,-0.0026397705,-0.031143188
1515664072955,-1.9621124,6.3314056,6.7693024,-0.25091553,-0.51208496,-0.02381897
1515664072977,-1.146164,6.707077,8.640488,0.054504395,-0.37036133,-0.07879639
1515664073000,-1.7395782,6.6711884,7.6666107,0.22554016,0.04133606,-0.23518372
1515664073021,-2.6560364,6.0681915,5.4101715,0.07527161,0.20384216,-0.16064453
1515664073043,-2.4382935,6.0514526,4.924423,-0.045654297,0.17327881,-0.105667114
1515664073064,-2.4382935,6.0514526,4.924423,-0.045654297,0.17327881,-0.105667114
