time,accel x,accel y,accel z,gryo x,gyro y,gyro z
1515642450214,-2.560318,2.165512,6.5324097,0,0,0
1515642450325,-0.72024536,-1.7946167,11.40419,-0.77983093,-1.6556244,0.20074463
1515642450429,-0.19142151,-0.78245544,11.1840515,1.1590424,2.7364655,1.021759
1515642450532,-1.689331,2.3353882,7.554138,0.6556854,0.08288574,0.5575104
1515642450633,-1.8185425,2.7110748,9.738785,0.07658386,-0.48397827,0.6222534
1515642450734,-0.33499146,3.6227264,9.67897,0.37957764,-0.13945007,0.5856018
1515642450836,-0.20817566,4.2017975,8.922836,0.085128784,0.1671753,0.40966797
1515642450941,-0.7776642,3.9194489,10.325027,0.40766907,0.37243652,0.20074463
1515642451045,-0.3397827,3.081955,10.557129,-0.10787964,0.019363403,-0.1816101
1515642451146,-0.19621277,1.9525452,12.3589325,-0.33024597,-0.018493652,-0.047225952
1515642451248,-0.1986084,1.902298,8.195419,-0.09567261,-0.23109436,-0.46871948
1515642451349,-0.5742798,1.9812622,8.212173,-0.23861694,-0.2762909,-0.3062439
1515642451451,-0.89730835,2.6416779,8.647659,-0.09811401,-0.26651,-0.33677673
1515642451553,-2.3521423,2.1248322,8.059021,-0.057785034,0.15985107,-0.33799744
1515642451655,-1.8352966,2.9359894,9.181259,0.04725647,-0.02217102,-0.12174988
1515642451762,-2.0602264,3.8907318,13.02652,0.29771423,-0.21276855,0.12257385
1515642451865,-0.79441833,1.5481567,11.499908,0.36001587,0.17817688,0.2545166
1515642451967,0.5694885,1.627121,8.255234,0.41622925,-0.13578796,0.46343994
1515642452069,-0.06460571,1.2466583,9.269791,0.009384155,0.45552063,0.21174622
1515642452172,-0.8542328,2.2994995,8.039886,0.20974731,0.2331543,0.4988556
1515642452275,-0.7154541,2.950348,7.848465,0.06680298,0.12075806,0.54039
1515642452378,-1.0576324,3.7160492,7.6331024,-0.06022644,0.0010375977,0.5355072
1515642452480,-1.4787598,3.907486,10.712662,-0.18240356,-0.200531,0.7431946
1515642452582,-0.58384705,3.6825562,11.940186,-0.6649933,0.06700134,0.49520874
1515642452684,-1.9716797,2.1559296,9.382263,0.15109253,0.5642395,0.80307007
1515642452787,-1.5888367,0.093322754,10.346573,0.32336426,0.47384644,1.2123413
1515642452897,-0.97387695,0.8949127,9.403793,0.6080322,0.43595886,1.3894958
1515642452999,-1.0863342,1.7252197,8.243271,0.2366333,0.41030884,1.2050171
1515642453101,-0.32781982,3.0628204,6.8075867,0.2183075,-0.10769653,0.8397217
1515642453205,-1.031311,4.1443634,8.070984,-0.40841675,0.22827148,0.5917053
1515642453308,-0.68434143,4.862213,9.839294,-0.45484924,0.5801239,0.40600586
1515642453409,-0.27757263,2.3904266,11.428116,-0.2129364,0.5068207,0.25575256
1515642453511,2.0769653,1.8424683,11.002197,0.5408325,-0.0099487305,0.26916504
1515642453615,0.1651001,2.3186493,7.2263184,0.38078308,0.39320374,-0.047225952
1515642453718,-0.63648987,2.5842438,8.011169,-0.18608093,0.112213135,-0.031341553
1515642453820,-0.5647125,3.5748749,8.159531,0.04359436,0.15374756,0.24963379
1515642453931,0.098098755,5.407776,8.137985,0.081466675,0.14518738,0.16288757
1515642454034,-1.2179413,4.543976,10.882553,-0.7016449,0.26860046,-0.33189392
1515642454136,-0.9906311,3.5437775,11.038086,-0.10543823,0.37976074,-0.12298584
1515642454238,-1.4572296,1.552948,9.444473,0.73387146,0.103652954,0.2911682
1515642454340,-0.55274963,2.321045,8.035095,0.548172,-0.15655518,0.46832275
1515642454442,-0.9786682,2.1918182,8.015961,0.097351074,0.15008545,0.21418762
1515642454547,-0.23210144,3.2398834,7.401001,0.022827148,0.02180481,0.22154236
1515642454652,-0.23210144,4.3286133,8.214554,-0.17263794,-0.18952942,-0.02279663
1515642454754,0.76091003,5.5250244,9.76033,-0.57702637,0.096328735,-0.2402649
1515642454857,0.028717041,3.115448,11.004593,-0.47927856,0.4982605,-0.08387756
1515642454959,0.4139557,1.8855438,9.233902,0.6324768,0.15252686,-0.09365845
1515642455064,0.32302856,2.720642,7.166504,0.4797516,-0.25430298,-0.21461487
1515642455167,-0.48812866,2.802002,8.197815,0.07902527,0.26612854,-0.515152
1515642455270,-1.557724,4.352539,7.657028,0.1230011,-0.100357056,0.20565796
1515642455372,-0.8111725,5.6781616,9.310471,0.04359436,-0.030715942,0.16044617
1515642455475,-0.052642822,5.613556,8.949158,-0.22149658,-0.13700867,0.24475098
1515642455579,-0.7537384,3.8620148,8.745773,-0.041900635,0.24047852,0.046829224
1515642455681,-1.3639069,2.3162537,8.104492,0.09979248,0.2966919,0.39257812
1515642455784,-0.830307,2.8666077,8.178665,0.03993225,0.18305969,0.5721588
1515642455887,-0.23449707,3.345169,6.673584,0.07658386,0.12319946,0.35958862
1515642455989,-0.624527,3.7878418,6.5778656,-0.18972778,-0.05026245,-0.04966736
1515642456092,-0.6149597,3.8428802,10.382462,-0.85069275,-0.40945435,-0.36120605
1515642456195,0.6149597,2.8522491,14.373688,-1.0852661,-0.4265442,-0.76683044
1515642456306,1.7946167,1.8711853,11.40419,0.73999023,-0.20541382,-0.42842102
1515642456407,-0.15792847,1.655838,6.7669067,-0.12132263,0.27592468,-0.6092224
1515642456508,-0.36131287,2.1990051,6.9056854,0.33802795,-0.061264038,-0.15719604
1515642456609,-1.306488,2.773285,7.980057,0.074142456,0.22215271,0.08958435
1515642456710,-1.1916199,4.381256,9.092728,-0.1946106,0.12197876,0.24230957
1515642456815,-1.2753754,3.5605164,10.126419,-0.85801697,0.20870972,0.08958435
1515642456917,-1.6630096,2.1990051,10.291534,0.2708435,0.39564514,0.32781982
1515642457019,-1.1294098,1.3351898,8.183456,0.5164032,0.18917847,0.48908997
1515642457123,-0.8614197,1.6390839,7.831711,0.2708435,-0.047821045,0.44631958
1515642457225,-1.0265198,2.297104,7.9872437,-0.021148682,-0.12358093,0.34248352
1515642457327,-0.64845276,3.402588,8.200211,-0.13598633,-0.18832397,0.1543274
1515642457429,-0.122039795,3.4671936,12.672394,-0.29359436,-0.30682373,-0.2109375
1515642457532,-0.2679901,1.8137665,13.519455,-0.40841675,0.13052368,-0.80592346
1515642457635,1.7802582,2.670395,11.554947,0.6825714,-0.9103699,0.044387817
1515642457739,0.035888672,1.8879395,7.7312164,0.28182983,0.15740967,-0.42842102
1515642457842,-0.0382843,2.8618164,7.3938293,0.19874573,-0.18344116,-0.47239685
1515642457947,-0.6149597,3.625122,7.932205,0.006942749,0.07067871,0.071258545
1515642458048,-0.8422699,5.046463,8.752945,0.05581665,0.17817688,0.16288757
1515642458151,-1.8831482,4.914856,8.987442,0.18409729,0.7902527,0.34614563
1515642458253,-0.65802,3.5246277,10.289139,0.2500763,0.5960083,0.2862854
1515642458357,-0.9882355,2.1104736,10.157532,0.16821289,0.15985107,0.39990234
1515642458459,-0.25125122,2.5794678,8.516052,0.38446045,-0.12478638,0.541626
1515642458561,-0.08375549,3.328415,7.350754,0.26350403,-0.2506256,0.37425232
1515642458664,0.22970581,4.187439,7.9704895,-0.094436646,-0.040496826,0.04194641
1515642458768,-0.13877869,4.742569,9.310471,-0.276474,0.027923584,-0.15107727
1515642458870,1.9549408,4.9914246,11.877975,-0.6601105,-0.37402344,-0.6263275
1515642458973,0.9882355,3.826126,8.128418,0.07292175,-0.06858826,-0.21705627
1515642459076,1.552948,2.9001007,8.171494,0.041152954,-0.18832397,-0.67152405
1515642459180,0.26560974,2.864212,8.374878,0.1889801,-0.079589844,-0.5371399
1515642459283,0.21057129,3.9242249,8.310272,0.054595947,-0.15655518,-0.5298157
1515642459384,-0.62931824,4.273575,8.020737,0.06680298,-0.007507324,-0.31967163
1515642459488,0.071777344,4.639679,10.097717,-0.33389282,-0.039276123,-0.3245697
1515642459590,0.0382843,3.115448,12.210571,0.18409729,-0.38136292,-0.069229126
1515642459693,0.36610413,2.2181396,11.126633,0.1376648,-0.4607544,-0.12663269
1515642459798,0.9188385,2.6440735,8.867798,0.1889801,-0.21885681,-0.41618347
1515642459902,0.63648987,2.8283234,7.898712,0.060699463,-0.36668396,-0.7790375
1515642460005,0.90927124,4.163513,7.680954,0.12911987,-0.46931458,-1.2726288
1515642460109,-1.0791626,4.3166504,8.154739,-0.09199524,-0.147995,-1.7014465
1515642460214,-1.0193481,6.8602295,10.5308075,0.7253113,-1.0716248,-1.0918121
1515642460319,0.26081848,4.0701904,10.305893,0.4858551,0.14518738,-1.3898926
1515642460423,0.110076904,2.428711,7.7982025,0.4565277,-0.32514954,-0.6361084
1515642460528,1.179657,3.838089,7.716858,0.07292175,-0.48153687,-0.39053345
1515642460633,0.41874695,4.285553,7.314865,-0.06390381,-0.36058044,-0.4894867
1515642460734,-0.047851562,4.8071747,7.25264,-0.18852234,-0.12112427,-0.47239685
1515642460835,-0.49291992,5.7667084,7.00618,-0.26670837,-0.14311218,-0.22193909
1515642460937,-0.088531494,6.3218384,9.600006,-0.5159302,-0.34103394,-0.09609985
1515642461041,-0.62213135,4.2998962,11.844467,-0.28259277,0.7084198,-0.40641785
1515642461145,-1.2753754,2.0482635,9.011368,0.4039917,-0.056381226,0.22518921
1515642461249,-0.033493042,2.7062836,7.733597,0.1889801,-0.03805542,0.24351501
1515642461354,-0.34457397,2.9766693,7.5397797,-0.3766632,0.2331543,-0.031341553
1515642461460,-0.79441833,3.9194489,7.8843536,-0.23005676,0.10975647,-0.0056915283
1515642461563,-0.117248535,5.11586,10.415955,-0.30947876,-0.53163147,-0.07167053
1515642461668,0.31825256,4.2831573,11.760727,-0.17019653,-0.2604065,-0.4393921
1515642461769,-0.088531494,3.4624176,9.533005,0.13156128,-0.1663208,-0.13519287
1515642461871,0.41874695,2.6273193,8.355743,0.24639893,0.0499115,-0.23658752
1515642461974,0.028717041,3.041275,7.470398,0.39666748,-0.13945007,-0.10220337
1515642462079,0.052642822,4.0869446,7.939392,-0.04069519,0.003479004,-0.4235077
1515642462184,-0.98583984,4.6731873,8.934799,0.053359985,0.012039185,-0.124191284
1515642462287,-0.6795654,5.09671,9.918243,-0.07122803,0.07556152,0.10913086
1515642462393,-1.799408,3.2374878,8.030319,-0.19950867,0.5092621,0.14700317
1515642462498,-2.0075836,1.8975067,9.078369,-0.2129364,0.34677124,0.47076416
1515642462602,-1.0576324,2.445465,9.092728,0.016708374,0.35289,0.35714722
1515642462707,-1.1030884,2.835495,8.231308,-0.030914307,-0.072250366,0.12501526
1515642462809,-1.0169525,3.6849518,9.327225,0.08757019,-0.04660034,0.008956909
1515642462913,-0.90448,4.347763,10.5260315,-0.18118286,-0.2115326,-0.23049927
1515642463016,-0.6006012,3.0652008,11.921036,-0.3045807,-0.39479065,-0.8144684
1515642463119,0.6006012,2.9886322,9.064011,0.63124084,-0.77841187,-0.08755493
1515642463224,-0.6149597,2.1798553,7.520645,-0.06756592,0.13420105,-0.43574524
1515642463329,-0.47138977,3.1896362,7.2023926,-0.03213501,-0.17120361,-0.2928009
1515642463431,-1.1844482,3.981659,8.427521,-0.14941406,0.10487366,-0.20484924
1515642463535,-1.7658997,4.668396,9.008972,0.065582275,0.2966919,0.044387817
1515642463638,-1.8089752,4.721039,8.611771,-0.3070221,0.058441162,0.11035156
1515642463742,-2.297104,2.6990967,8.913269,0.16941833,0.48973083,0.5599518
1515642463847,-0.68673706,2.5339966,8.788834,0.4015503,-0.16143799,0.5782776
1515642463950,-0.7513428,2.7421722,8.819946,0.097351074,-0.21276855,0.36203003
1515642464053,-1.0001984,2.9431763,7.726425,-0.01626587,-0.08691406,0.12989807
1515642464155,-0.6149597,3.9314117,7.554138,-0.12010193,-0.14923096,-0.04966736
1515642464262,0.090927124,4.8837585,11.815765,-0.28379822,-0.38745117,-0.3282318
1515642464366,1.0839539,4.3238373,11.705688,-0.04801941,-0.49131775,-0.8853302
1515642464476,0.53359985,3.275772,7.7647095,0.34901428,-0.5389557,-0.5236969
1515642464578,0.052642822,2.5292206,8.860626,0.022827148,-0.3141632,-0.4711609
1515642464681,0.42114258,3.8739777,7.4967194,0.14012146,-0.31904602,-0.35632324
1515642464790,-0.35414124,4.2759705,7.7431793,-0.08833313,0.09265137,-0.67152405
1515642464893,-1.4165497,4.97229,8.719452,-0.1946106,0.012039185,-0.46139526
1515642465001,-1.9956207,4.943573,9.439682,-0.12620544,0.3174591,-0.07411194
1515642465105,-1.4045868,3.2949219,8.985046,0.36245728,1.0810394,-0.06311035
1515642465212,-0.42352295,2.292328,11.887543,0.13032532,-0.21765137,-0.13397217
1515642465315,-0.6077728,2.8809662,8.195419,0.46264648,-0.049041748,0.13967896
1515642465418,-0.5647125,3.1872406,7.10907,-0.0773468,-0.100357056,-0.20484924
1515642465525,-0.007171631,4.0749817,8.140381,-0.29359436,-0.09301758,-0.5762329
1515642465628,0.0765686,4.62294,9.683746,-0.17019653,-0.21765137,-0.6972046
1515642465731,-1.0121613,3.3068848,10.557129,0.14500427,0.34188843,-0.5762329
1515642465835,1.1940155,3.2853394,7.307678,0.49441528,-0.2970581,-0.7448273
1515642465939,-0.5288086,1.9525452,7.779068,0.16821289,-0.2958374,-0.5921173
1515642466042,-1.1006927,3.5844421,7.7527466,-0.276474,-0.30682373,-0.48828125
1515642466146,-2.033905,5.5537415,9.406189,-0.2471466,0.018157959,-0.05456543
1515642466251,-1.179657,5.309677,10.537994,0.2684021,0.047454834,0.09324646
1515642466353,0.13160706,3.3427734,14.277969,0.9207916,-0.41189575,0.85194397
1515642466458,0.48335266,3.1298065,8.997009,0.22686768,-0.049041748,0.12989807
1515642466562,-0.42352295,2.7493591,8.554337,0.2574005,-0.100357056,0.3388214
1515642466664,-0.6197357,3.9218292,7.195221,0.15232849,0.0132751465,0.4805298
1515642466772,0.5024872,5.374283,7.5014954,0.2549591,0.13542175,0.36080933
1515642466875,-0.14356995,5.345566,8.315063,-0.33268738,0.2991333,-0.23414612
1515642466978,1.6223297,6.644867,10.566711,0.0912323,-1.0044403,0.06147766
1515642467082,-0.76091003,3.2518463,7.618744,-0.034576416,0.39442444,-0.22561646
1515642467186,1.1509552,2.675171,7.8388824,-0.12864685,-0.15531921,-0.40274048
1515642467290,-0.45703125,2.9479523,7.1856537,-0.3717804,-0.2628479,-0.015457153
1515642467395,0.27278137,4.0989075,9.559326,-0.7016449,-0.11013794,-0.1974945
1515642467497,0.5694885,4.955536,9.789032,0.28060913,0.12075806,0.24351501
1515642467603,-0.5240326,4.9579315,9.772293,-0.12010193,0.25515747,0.010192871
1515642467706,-0.49771118,2.8737793,13.091141,0.2207489,-0.36424255,0.66500854
1515642467811,-0.6029968,2.8450623,7.893921,0.097351074,0.1696167,1.060852
1515642467915,-0.2368927,2.5172424,9.040085,-0.106658936,0.10487366,0.5648346
1515642468017,-1.0241241,2.6033936,7.8388824,0.06314087,0.68273926,0.66500854
1515642468119,-0.03111267,4.0534363,8.985046,-0.030914307,0.26004028,0.41210938
1515642468220,-0.102890015,4.8885345,7.869995,0.22807312,0.24415588,0.013839722
1515642468322,-0.72024536,5.0392914,9.59761,0.06680298,0.08898926,0.10546875
1515642468425,0.112457275,4.0079803,13.856842,-0.3742218,-0.63790894,-0.21949768
1515642468529,-0.1531372,1.9884338,7.3986053,0.49441528,-0.056381226,0.6821289
1515642468631,0.2033844,3.2374878,7.1210327,-0.5660248,0.4481659,-0.3245697
1515642468735,-0.5024872,4.065399,8.1427765,-0.054138184,-0.5291748,-0.04234314
1515642468840,-1.4715881,4.2137604,8.652451,-0.18484497,0.2844696,-0.04966736
1515642468943,-0.76330566,4.9507446,9.39183,0.05947876,-0.007507324,0.38890076
1515642469045,-0.8638153,5.1302185,8.456238,-0.027267456,-0.119903564,0.16532898
1515642469154,-2.141571,3.5533447,8.604584,0.33314514,0.48849487,0.43043518
1515642469261,-0.97387695,3.5030975,9.037689,0.15109253,-0.12112427,0.864151
1515642469365,-0.43070984,2.8426666,8.918045,0.060699463,0.51538086,0.6405792
1515642469468,-0.17945862,3.7519531,6.977478,0.2207489,-0.35813904,0.49153137
1515642469571,-0.28474426,5.063217,7.8460693,0.33192444,0.21850586,-0.08387756
1515642469674,-0.119644165,4.977066,10.186249,-0.0016174316,0.13664246,-0.5346985
1515642469776,-0.6316986,4.165909,12.366104,-0.5819092,0.20870972,-0.5750122
1515642469879,1.8137665,4.6037903,9.860825,0.6055908,-0.75886536,0.22398376
1515642469983,-0.102890015,2.9981995,6.233307,0.28549194,0.07676697,-0.40397644
1515642470087,0.19381714,4.096512,5.6853485,-0.12986755,-0.2750702,-0.5469208
1515642470190,-2.1750793,4.8263245,6.0514526,-0.41209412,-0.024612427,-0.38931274
1515642470305,-1.1078796,5.99881,11.954544,-0.3253479,-0.5658417,0.5220642
1515642470409,0.81355286,5.9940186,13.663025,-0.08345032,-0.20176697,0.27896118
1515642470512,-0.7417755,3.7040863,6.417557,0.6092529,0.4799347,0.39622498
1515642470614,0.18902588,3.3236237,7.9465637,0.12055969,-0.09913635,0.5868225
1515642470716,0.5383911,3.7567291,8.039886,0.13400269,0.14640808,0.39257812
1515642470821,0.550354,4.5607147,7.5708923,-0.18363953,0.15374756,-0.030136108
1515642470923,0.72502136,5.8911285,7.7479553,-0.2557068,-0.32759094,-0.37953186
1515642471025,0.23928833,5.8049927,8.918045,-0.18118286,0.1855011,-0.71061707
1515642471128,-0.45703125,3.8692017,10.281952,0.025268555,0.3516693,-0.68496704
1515642471230,2.4311066,3.402588,9.389435,0.31726074,-0.36058044,-0.52005005
1515642471332,1.3160553,2.8522491,7.4775696,0.05947876,-0.39479065,-0.8596802
1515642471435,0.18185425,3.9601288,7.367508,-0.03945923,-0.4925232,-0.83403015
1515642471537,-0.7728882,5.48674,7.6402893,-0.23493958,-0.16511536,-0.8425751
1515642471641,-0.82073975,6.317047,8.714661,-0.045578003,-0.1822052,-0.51026917
1515642471745,1.1724854,4.852646,13.335205,0.058258057,-0.20420837,-0.6519928
1515642471849,0.5001068,3.5653076,8.317459,0.2549591,0.3125763,-0.36364746
1515642471957,0.37088013,3.2159576,7.6713867,-0.005264282,-0.8700409,-0.659317
1515642472061,-0.5814514,3.0843506,8.405991,-0.027267456,-0.13822937,-0.6654358
1515642472163,-0.21296692,3.7256317,8.051849,-0.17630005,-0.38256836,-0.63731384
1515642472266,0.086135864,4.515259,7.9824524,-0.12376404,-0.4741974,-0.76927185
1515642472368,0.071777344,4.54158,10.631317,-0.3791046,-0.76986694,-1.3288269
1515642472471,-1.3088684,1.758728,13.074387,-0.6601105,0.06578064,-1.5976105
1515642472574,1.1892395,2.9168549,12.047867,0.65812683,-0.78330994,-0.554245
1515642472677,1.174881,2.5005035,8.329422,0.2549591,-0.16143799,-1.1406708
1515642472779,0.38523865,3.2853394,7.331604,0.2390747,-0.36180115,-1.1309052
1515642472882,-0.8446655,3.9768677,8.056641,-0.006500244,-0.2750702,-0.81570435
1515642472984,-1.7180481,5.0895386,9.463608,0.17677307,-0.18099976,-0.18772888
1515642473088,0.062210083,5.9198456,10.258026,0.13032532,-0.6672363,0.1726532
1515642473190,-0.6412811,3.2350922,8.403595,-0.06390381,0.10243225,0.007751465
1515642473293,-0.0382843,2.8833466,7.3746796,0.36857605,0.20018005,0.11767578
1515642473399,0.33499146,3.5581207,7.240677,-0.22029114,0.030349731,-0.09121704
1515642473502,-0.19621277,4.0486603,7.6378937,0.105911255,-0.13090515,-0.02279663
1515642473605,-0.023925781,4.9627075,8.757736,0.20362854,-0.3471527,-0.11564636
1515642473708,0.8685913,5.584854,11.121841,0.47364807,-0.80529785,-0.116867065
1515642473810,0.8231354,3.9338074,11.990433,-0.9215393,0.6815338,-0.52005005
1515642473912,1.6869354,3.460022,8.987442,0.71798706,-0.53041077,-0.07777405
1515642474014,1.2275238,2.6488495,7.3651123,0.01914978,-0.017288208,-0.37832642
1515642474121,-0.38763428,2.732605,6.661621,-0.57458496,0.0499115,-0.41618347
1515642474222,-0.67477417,4.4362946,9.430115,-0.46583557,-0.18344116,0.017501831
1515642474325,-1.4931183,4.989029,9.951752,0.037490845,0.26124573,0.44267273
1515642474428,-1.6151581,4.240082,8.592621,0.06436157,0.39808655,1.1732483
1515642474531,-0.7417755,2.945572,8.6237335,0.085128784,0.72062683,1.4517975
1515642474633,-0.2871399,1.8017883,8.587845,0.26960754,0.35899353,1.7108154
1515642474734,0.22253418,2.548355,8.070984,0.28427124,0.5092621,1.6265106
1515642474836,0.5407715,3.3762665,9.229111,-0.019943237,0.47016907,1.0364227
1515642474940,0.5288086,3.8955078,9.918243,0.081466675,0.70106506,0.6112671
1515642475042,-0.4737854,4.8598175,9.028122,-0.06756592,0.31378174,0.541626
1515642475145,-0.0382843,3.2111664,13.182068,-0.57214355,0.68273926,0.3217163
1515642475249,2.1056824,3.0053864,9.623932,0.70822144,-0.18344116,0.5269623
1515642475356,0.99780273,1.6103668,8.925232,0.022827148,0.08532715,0.29238892
1515642475462,0.45942688,3.9625092,7.1617126,-0.00894165,-0.3288269,0.35102844
1515642475564,-0.39482117,4.886139,8.154739,-0.3277893,0.35533142,0.29484558
1515642475668,-0.69869995,5.601593,9.341583,-0.15919495,0.6338806,0.6039276
1515642475772,-1.5409851,4.2472534,9.860825,-0.31800842,0.6082306,1.1292725
1515642475877,-0.25125122,3.2063751,8.743378,0.09857178,0.9625244,1.1292725
1515642475979,-1.2801666,1.2562256,7.578064,-0.09687805,0.5190277,1.3919373
1515642476084,0.36131287,2.3377838,7.470398,-0.18240356,0.08654785,1.2893219
1515642476189,-0.009567261,2.8091736,9.930222,-0.3058014,-0.063705444,0.9374695
1515642476293,0.01675415,4.646866,9.485153,-0.23370361,-0.027053833,0.41090393
1515642476402,0.70588684,4.2831573,9.238693,-0.27770996,-0.23962402,0.24475098
1515642476506,0.39720154,2.1511536,8.200211,0.63612366,0.71694946,0.8446045
1515642476610,2.629715,2.3904266,7.829315,0.482193,0.09877014,0.21662903
1515642476714,1.3710938,2.5770721,7.939392,0.30503845,0.2844696,0.24230957
1515642476817,0.91166687,3.7519531,8.927628,-0.04434204,0.06700134,0.123794556
1515642476920,-0.095718384,4.060623,8.236099,0.022827148,0.23191833,0.18243408
1515642477029,-0.6197357,4.7808533,8.271988,-0.3229065,0.07312012,0.31193542
1515642477133,-0.2033844,3.6131592,14.258835,-0.17630005,0.40907288,0.5648346
1515642477239,-1.1198425,2.4550323,9.765106,0.15353394,0.34555054,0.9680023
1515642477340,-0.45942688,1.4524384,8.415558,0.03627014,0.2331543,1.3235321
1515642477442,0.22253418,1.7539368,8.394028,-0.18852234,0.5642395,1.1756897
1515642477544,-0.21057129,2.0650024,8.645264,-0.15063477,0.3199005,0.8702698
1515642477647,-0.52163696,3.3092804,8.523239,0.0032806396,0.3040161,0.5843811
1515642477749,0.050247192,4.594223,12.626923,-0.3058014,0.36387634,0.3559265
1515642477851,-0.23928833,1.4356995,14.555542,-0.81648254,1.3217163,-0.15719604
1515642477955,2.6967163,2.6488495,8.377274,1.1174774,-0.37156677,0.541626
1515642478057,-0.7776642,0.48812866,9.310471,-0.16285706,0.4640503,4.27E-04
1515642478159,-0.07896423,2.6943207,7.7240295,0.07170105,-0.03805542,0.36447144
1515642478262,-0.54556274,3.5772705,8.250458,-0.3363495,0.079208374,0.270401
1515642478366,-0.51924133,4.0989075,11.203201,-0.005264282,-0.12234497,0.4377594
1515642478468,-0.29431152,3.0173492,15.1944275,-0.002822876,-0.31904602,0.5196228
1515642478570,-0.87098694,2.4837494,10.387238,0.08634949,0.2844696,0.64424133
1515642478676,-1.5003052,1.1724854,7.463211,0.27816772,0.08898926,0.8213959
1515642478782,-0.4857483,2.5531464,7.1521454,-0.15797424,0.25271606,0.62835693
1515642478885,-0.4737854,3.4121704,8.372482,-0.13598633,-1.68E-04,0.26672363
1515642478989,-0.9954071,3.4504547,9.939789,-0.106658936,0.18673706,0.10913086
1515642479091,0.07417297,4.3262177,10.758133,0.21342468,0.41763306,0.15066528
1515642479195,-1.2993011,2.6057892,9.506683,-0.13598633,0.8366852,-0.021575928
1515642479298,0.36610413,2.445465,9.229111,0.14744568,-0.051483154,0.270401
1515642479406,-0.53359985,2.371292,8.621338,0.024047852,0.11953735,0.6027069
1515642479508,-0.58384705,2.9838562,8.549561,-0.05290222,0.04135132,0.6503601
1515642479614,-0.32302856,3.6969147,9.322433,0.054595947,0.30523682,1.0058899
1515642479716,-0.7034912,4.3166504,9.870392,-0.11643982,0.4933777,0.78230286
1515642479820,-0.2632141,3.8045807,13.344772,-0.110321045,-0.13334656,0.5489502
1515642479931,-1.7611237,2.0075836,9.1453705,0.05947876,0.24659729,1.0645142
1515642480036,-0.5766754,2.0075836,8.8701935,-0.018707275,-0.27262878,1.2661133
1515642480138,-0.550354,2.2205353,8.685944,-0.27038574,0.40786743,1.1903687
1515642480244,0.062210083,2.9001007,9.501892,-0.002822876,0.31378174,0.9900055
1515642480347,0.9308014,3.9577332,9.832108,0.37223816,0.17817688,0.46099854
1515642480452,1.2945099,4.4578247,9.671783,-0.26182556,-0.22129822,-0.17308044
1515642480555,-0.79441833,2.1942139,7.422531,0.4382019,0.70106506,0.38279724
1515642480660,1.3974152,3.172882,8.106888,0.5188446,-0.1687622,0.22763062
1515642480764,-0.54556274,2.2253265,7.9537354,0.21463013,0.18917847,0.2899475
1515642480868,-0.71066284,3.4384918,7.554138,-0.23249817,0.30033875,0.16900635
1515642480972,-0.8039856,4.8717804,9.040085,0.049697876,0.22703552,0.44267273
1515642481075,-0.87815857,5.2211456,10.133606,0.06436157,0.37609863,0.6356964
1515642481178,-0.13877869,4.268799,9.7986145,0.30747986,1.0419464,0.7089844
1515642481280,-0.46420288,2.9001007,8.965912,0.12667847,0.23191833,0.71266174
1515642481381,-0.40678406,2.2947235,9.300903,-0.08711243,-0.09913635,0.9423523
1515642481485,0.44267273,3.596405,7.6378937,0.021606445,0.031585693,0.79696655
1515642481588,0.33259583,3.929016,8.6237335,0.048477173,0.08288574,0.3046112
1515642481690,1.0097656,4.627716,10.516449,-0.049240112,-0.111343384,-0.18649292
1515642481794,0.928421,4.9292145,10.279572,-0.4756317,-0.5181885,-0.50660706
1515642481897,-0.48095703,3.3356018,8.152344,0.29405212,-0.084472656,0.23986816
1515642482000,1.2346954,3.4169464,7.278961,0.046035767,0.026687622,-0.05822754
1515642482107,0.73220825,3.5030975,6.6640167,0.061920166,0.13908386,0.14334106
1515642482209,0.17706299,3.7926178,8.059021,-0.17630005,0.0132751465,-0.07044983
1515642482313,-0.21774292,4.9459686,8.772095,-0.01626587,0.43595886,0.074920654
1515642482417,-1.2945099,5.1469574,9.121445,0.060699463,0.54959106,0.34858704
1515642482521,-0.47138977,3.9888306,9.789032,0.17553711,0.51782227,0.5733948
1515642482625,-0.6125641,2.7756805,8.011169,0.20118713,0.3284607,0.5831604
1515642482729,0.011962891,2.7756805,9.176468,-0.066345215,0.13542175,0.5648346
1515642482831,-0.29431152,3.4145508,8.429916,-0.210495,0.112213135,0.34980774
1515642482934,0.25602722,4.771286,8.408386,-0.14697266,0.103652954,0.11401367
1515642483038,0.8949127,5.161316,11.430511,-0.07246399,-0.66355896,-0.19017029
1515642483145,-0.0143585205,2.9168549,12.464218,-0.43530273,0.42495728,-0.47972107
1515642483247,1.6678009,4.0821533,7.1569366,0.495636,-0.36180115,-0.032577515
1515642483351,0.37806702,2.835495,9.669403,-0.20805359,-0.2445221,-0.36120605
1515642483458,0.04307556,3.5748749,7.133011,-0.050460815,0.06455994,-0.060668945
1515642483561,-0.105285645,4.3836517,8.128418,-0.09199524,-0.014846802,0.16288757
1515642483666,-0.04067993,5.268997,9.997208,0.1376648,0.622879,0.2679596
1515642483768,0.009567261,5.345566,9.707687,-0.20440674,-0.21032715,0.26672363
1515642483871,-0.87098694,3.5820618,8.465805,0.25128174,0.6131134,0.5391846
1515642483980,-0.59820557,2.7924194,6.795624,0.08024597,0.08532715,0.69921875
1515642484084,-0.088531494,3.2686005,8.035095,-0.0016174316,0.06211853,0.5587158
1515642484186,0.38285828,4.003189,7.860428,-0.061462402,-0.016052246,0.23495483
1515642484292,1.2466583,4.9387817,9.363113,-0.10543823,-0.104019165,-0.31967163
1515642484394,0.59580994,4.9914246,8.429916,-0.04069519,0.18429565,-0.5799103
1515642484495,-0.16270447,3.4528503,9.669403,0.105911255,0.11831665,-0.5457001
1515642484597,2.1750793,3.2973022,9.221939,0.37713623,-0.08203125,-0.44062805
1515642484701,0.40678406,2.945572,7.2933197,0.11079407,-0.16999817,-0.40641785
1515642484802,0.15074158,4.199402,7.898712,-0.21417236,-0.19688416,-0.42474365
1515642484906,-0.62931824,5.3240356,7.688141,-0.08589172,-0.13822937,-0.16572571
1515642485011,0.117248535,5.8863373,10.82991,-0.0077056885,0.2832489,-0.019134521
1515642485115,0.8566284,4.6325073,13.115067,-0.0016174316,0.15740967,-0.2695923
1515642485218,-0.1268158,3.275772,7.9130707,0.2684021,-0.04660034,-0.04966736
1515642485324,0.29193115,3.139389,8.293518,0.13400269,-0.22253418,0.17388916
1515642485427,0.16749573,3.6681976,6.8650055,-0.17384338,-0.19076538,-0.052124023
1515642485530,-0.06460571,4.3334045,8.123627,-0.14331055,-0.100357056,-0.019134521
1515642485634,0.7393799,5.7355957,9.784256,0.12911987,-0.28971863,-0.06311035
1515642485736,2.0243225,6.0514526,9.915863,-0.14697266,-0.6647949,-0.5383606
1515642485838,0.071777344,3.213562,7.721634,0.40522766,0.25027466,-0.20117188
1515642485944,1.9788666,3.4337006,6.857834,-0.045578003,-0.1504364,-0.8755646
1515642486047,-0.6029968,3.2638092,6.5611267,-0.21661377,-0.42045593,-0.5530243
1515642486150,-0.17706299,5.0847473,9.265015,-0.40109253,-0.17611694,-0.39909363
1515642486253,-0.5383911,6.0179443,7.9704895,0.058258057,0.07676697,-0.10954285
1515642486355,-0.5144501,5.8743744,7.585251,-0.3766632,0.27713013,-0.2805786
1515642486457,-0.21534729,3.8763733,11.155334,0.31115723,0.5813446,-0.33067322
1515642486559,-0.5431671,2.9312134,6.6592255,0.35147095,-0.30560303,0.07247925
1515642486661,-0.22970581,2.9024963,8.274384,-0.22029114,-0.26895142,0.11767578
1515642486762,0.38285828,3.5892334,7.379471,-0.26426697,-0.33859253,-0.003250122
1515642486868,0.22732544,3.5844421,7.8173523,-0.21905518,-0.2115326,-0.2084961
1515642486971,0.30867004,4.4602203,11.389832,-0.38154602,-0.07348633,-0.5346985
1515642487075,0.5766754,2.8857422,14.660828,-0.6613159,0.29789734,-0.94763184
1515642487179,3.5030975,4.1802673,8.877365,0.6776581,-0.5695038,-0.2781372
1515642487282,-0.055038452,2.2061768,7.8915253,0.105911255,0.030349731,-0.49072266
1515642487386,0.42591858,3.8955078,6.4582214,-0.08711243,-0.12358093,-0.4235077
1515642487489,-0.31825256,3.9385834,8.8989105,-0.12132263,0.007156372,-0.23782349
1515642487595,0.29431152,5.75235,10.961517,0.005722046,0.084106445,-0.17428589
1515642487698,-0.19381714,3.3690948,15.105896,0.25616455,0.24047852,-0.08633423
1515642487800,-0.3397827,3.1274261,8.137985,0.6031494,-0.17243958,0.36691284
1515642487902,-0.011962891,2.4335022,9.312866,0.28305054,-0.11378479,0.31071472
1515642488007,0.15792847,3.345169,6.754944,0.1071167,0.08654785,0.05293274
1515642488112,-0.17945862,3.5820618,7.207184,-0.09687805,-0.12358093,-0.18649292
1515642488216,0.72262573,5.1015015,12.067001,-0.40109253,-0.7979584,-0.5175934
1515642488320,1.5744781,5.2043915,13.301697,-0.43530273,-0.8126221,-1.1137848
1515642488429,1.179657,3.5533447,8.441879,0.5286255,-0.5206299,-0.45407104
1515642488531,-0.100494385,2.4741821,7.659424,-0.08711243,-0.38380432,-0.6617584
1515642488634,-0.20817566,3.7136536,7.0779724,-0.01626587,-0.23962402,-0.33555603
1515642488738,-0.8063812,3.929016,7.6713867,-0.34733582,0.020599365,-0.28303528
1515642488842,-0.34695435,5.0608215,9.772293,-0.17752075,-0.09791565,-0.17308044
1515642488948,-0.15553284,5.970093,9.889542,-0.20684814,-0.43634033,-0.12298584
1515642489050,-1.409378,2.6895294,7.377075,0.36001587,0.933197,0.039505005
1515642489153,-0.6006012,2.2061768,8.317459,0.1572113,-0.15167236,0.6234741
1515642489256,0.15792847,3.151352,7.511078,0.11445618,0.08288574,0.70166016
1515642489359,0.46180725,3.4959106,8.087738,-0.019943237,0.14518738,0.39013672
1515642489462,0.43788147,4.62294,7.9250336,0.04725647,-0.10523987,0.10180664
1515642489564,-1.1509552,5.3982086,10.272385,-0.110321045,0.0022735596,-0.2084961
1515642489672,-0.47616577,3.1704865,13.378265,-0.3925476,0.66441345,-0.5310364
1515642489775,2.0889282,3.5988007,10.1527405,0.60435486,-0.5206299,0.06147766
1515642489889,-0.50727844,2.395218,7.6713867,0.2024231,0.17695618,0.06881714
1515642489994,0.01914978,3.5988007,7.623535,-0.20072937,-0.15531921,0.08592224
1515642490096,-0.39242554,4.3740845,8.049454,-0.3204651,0.0340271,0.1543274
1515642490200,-0.19621277,5.21875,9.131012,-0.14453125,0.009597778,0.25819397
1515642490301,-0.9403839,3.8548431,14.033905,-0.31800842,-0.15531921,0.23130798
1515642490406,-0.9451599,3.1178436,9.908676,0.28060913,0.2673645,0.8727112
1515642490510,-0.9571228,2.526825,8.403595,0.1413269,-0.10157776,1.0645142
1515642490613,0.15792847,3.1896362,8.628525,0.44555664,0.17085266,0.9472351
1515642490720,-0.08135986,3.2207336,8.023132,0.34536743,0.50561523,0.38157654
1515642490823,0.7800598,3.8189392,7.3627167,-0.027267456,0.16229248,-0.03501892
1515642490926,-0.94755554,4.9914246,9.310471,-0.9117737,0.14640808,-0.38197327
1515642491029,-4.618149,1.6654053,13.45723,-0.7725067,0.8195801,0.39622498
1515642491133,2.457428,4.594223,7.228714,1.2250061,-0.08935547,1.1952515
1515642491236,-1.8257294,2.490921,4.8837585,0.1071167,0.583786,0.7273102
1515642491339,-0.75613403,3.9146576,7.1617126,-0.13354492,0.5605774,0.79208374
1515642491442,-0.1268158,4.347763,7.7455597,0.22319031,0.35411072,1.060852
1515642491544,-0.124420166,5.2785645,8.559128,0.020385742,0.31134033,0.71998596
1515642491646,0.5383911,4.6492615,12.8111725,-0.6381073,0.32234192,-0.09121704
1515642491749,-1.7539368,2.794815,9.140579,-0.23370361,0.2783661,0.567276
1515642491852,-0.6795654,2.589035,9.066406,0.34780884,0.39808655,1.2453461
1515642491956,0.33738708,3.739975,9.059235,0.31115723,0.20750427,0.9741211
1515642492058,0.06700134,3.3619232,7.3531494,0.21218872,0.41275024,0.34492493
1515642492161,-0.011962891,4.1324005,8.243271,-0.23861694,0.31378174,-0.037460327
1515642492263,-0.2416687,6.2883453,7.8795624,-0.54281616,-0.13334656,0.11891174
1515642492368,1.5768738,4.3621216,9.765106,0.23783875,-0.17732239,0.71022034
1515642492473,2.342575,3.2949219,7.00618,0.35025024,0.5434723,-0.030136108
1515642492576,1.2155609,4.0079803,6.2285156,0.32704163,-0.19688416,-0.32211304
1515642492678,-0.94277954,4.043869,8.006378,-0.10910034,-0.20176697,-0.2891388
1515642492781,-0.5479584,5.7762756,9.312866,-0.15553284,-0.2457428,0.08103943
1515642492887,-0.28474426,6.214157,10.279572,-0.21905518,-0.47055054,-0.07167053
1515642492991,-0.9834442,4.524826,7.4895325,0.23051453,0.45796204,0.059036255
1515642493093,-0.5383911,3.7926178,8.382065,0.06802368,-0.030715942,0.52085876
1515642493199,0.33021545,3.8285217,7.893921,0.08634949,0.084106445,0.33270264
1515642493302,0.20578003,3.735199,7.5302124,-0.01260376,-0.06858826,0.09080505
1515642493404,0.5288086,4.7617188,7.319641,-0.102996826,-0.12478638,-0.22070312
1515642493508,0.76091003,5.5082703,10.375275,-0.07978821,-0.42045593,-0.41862488
1515642493612,0.4355011,4.6588287,11.581268,-0.6222229,-0.17611694,-0.9537506
1515642493716,0.66760254,3.9314117,10.114456,0.16577148,-0.6647949,-0.2781372
1515642493828,0.83509827,3.4097748,7.800598,0.017944336,-0.39845276,-0.45407104
1515642493930,0.8231354,3.9314117,6.948761,-0.0284729,-0.1980896,-0.40641785
1515642494033,0.22253418,4.8071747,7.298111,-0.27526855,-0.17243958,-0.47483826
1515642494135,-0.35414124,5.831314,8.585449,-0.12864685,-0.033172607,-0.30012512
1515642494238,-0.49291992,5.637497,9.126221,-0.38520813,0.20870972,-0.17796326
1515642494341,-0.5479584,4.0414734,10.179062,0.13156128,0.67541504,-0.16816711
1515642494444,0.07417297,3.2614136,8.807983,0.5151825,-0.17855835,0.283844
1515642494546,0.36131287,3.1776733,8.487335,0.07902527,-0.007507324,0.11401367
1515642494648,-0.26081848,3.4695892,7.00618,-0.13720703,-0.031936646,0.15066528
1515642494757,0.47138977,4.936386,7.795822,0.005722046,-0.12234497,0.04194641
1515642494861,0.84706116,5.6638184,11.018951,-0.12376404,-0.2616272,-0.4100952
1515642494964,0.8661957,4.2544403,13.155746,-0.28015137,0.007156372,-0.82302856
1515642495069,2.4693909,3.907486,7.944168,0.75219727,-0.44122314,-0.43206787
1515642495170,0.105285645,2.3306122,7.8963165,-0.118881226,-0.2481842,-0.70573425
1515642495275,-0.45463562,4.5391846,7.7479553,-0.2715912,-0.17243958,-0.46751404
1515642495377,-1.2466583,4.965103,7.7431793,-0.15919495,0.14274597,-0.2268219
1515642495482,-1.9286194,5.079956,9.135803,0.017944336,0.21115112,0.35346985
1515642495586,-1.586441,4.9627075,12.909271,-0.57580566,-0.49864197,1.0022125
1515642495688,-2.6105652,3.1585236,9.047256,-0.2447052,0.9441986,1.1793671
1515642495792,-1.1988068,2.3282166,8.458633,-0.15919495,0.41152954,1.4921265
1515642495894,-0.8925171,2.0554352,7.7407837,-0.2581482,0.71450806,1.2795563
1515642495999,-0.75852966,2.8498535,7.326828,-0.03945923,0.20750427,1.1818085
1515642496102,-0.72262573,3.9673004,8.786438,-0.43162537,-0.024612427,0.6540222
1515642496204,-0.5168457,4.5726776,12.165115,-0.15307617,0.20506287,0.5611725
1515642496307,-0.74417114,2.7493591,11.514267,0.13400269,1.0431519,0.4719696
1515642496411,1.9956207,3.2087708,8.791229,0.7094269,0.19772339,0.6112671
1515642496514,-0.66041565,1.7802582,8.336594,-0.051696777,0.986969,0.4328766
1515642496617,-0.35414124,3.1082764,7.3938293,-0.21784973,0.5422516,0.51109314
1515642496722,-1.3543396,3.357132,7.6402893,-0.2715912,0.5068207,0.7028961
1515642496825,-0.51924133,4.8071747,10.506882,-0.3216858,0.4506073,0.68821716
1515642496930,-2.4789581,3.8692017,10.920837,-0.28379822,0.4982605,0.5428467
1515642497037,-2.8402863,3.4169464,8.903687,-0.12620544,0.2013855,0.6112671
1515642497140,-2.703888,2.428711,7.8915253,0.13522339,-0.005065918,1.0449829
1515642497242,-1.1724854,3.0652008,8.657227,0.4406433,-0.06614685,1.3039703
1515642497344,-0.2416687,2.868988,7.5684967,0.4039917,0.3186798,0.6320343
1515642497450,0.21774292,3.6442719,7.939392,-0.09933472,-0.13700867,0.010192871
1515642497553,0.72502136,5.0321045,8.781662,-0.547699,0.0022735596,-0.33189392
1515642497657,-1.5098724,3.7040863,11.791824,-0.13842773,0.7633972,-0.03378296
1515642497759,1.8424683,4.043869,8.989838,0.38446045,0.09265137,-0.35876465
1515642497862,-0.1531372,2.7469635,7.791031,0.46142578,-0.33370972,-0.16572571
1515642497965,-0.275177,3.768692,7.520645,-0.17507935,-0.104019165,-0.40029907
1515642498069,-1.2203369,4.7976074,7.405792,0.07536316,0.009597778,-0.13275146
1515642498172,-0.91645813,5.9126587,10.305893,-0.22029114,0.11953735,4.27E-04
1515642498277,0.5383911,4.2137604,13.689331,-0.59291077,0.10731506,0.06515503
1515642498380,-1.2514496,2.3401794,9.870392,0.46142578,0.014480591,0.24595642
1515642498484,-0.44984436,2.663208,8.470596,0.33802795,0.16473389,0.487854
1515642498588,-0.3637085,3.316452,6.855438,-0.030914307,-0.031936646,0.35836792
1515642498692,-0.42591858,3.6418762,6.9918213,0.009384155,-0.02583313,0.23986816
1515642498797,0.59580994,4.5559387,11.516663,-0.23249817,-0.18588257,-0.04966736
1515642498900,-0.35891724,2.9407806,11.8085785,-1.0363922,0.73039246,-0.41986084
1515642499003,1.7563324,3.7543335,11.715256,0.16941833,-0.73809814,0.39378357
1515642499107,1.0887299,2.892929,7.8460693,0.16333008,-0.10890198,-0.11808777
1515642499212,1.306488,3.672989,7.199997,-0.26670837,-0.19076538,-0.30012512
1515642499315,-0.5024872,3.3475647,7.1521454,0.31604004,0.27348328,-0.044784546
1515642499419,0.5312042,5.1349945,10.923233,0.06802368,0.26612854,-0.03378296
1515642499524,-0.68196106,3.8285217,14.254044,0.12055969,0.39320374,0.123794556
1515642499628,-1.3615112,2.622528,10.70549,0.46876526,0.35043335,0.5330658
1515642499731,0.06700134,2.5866394,8.812759,0.5041809,0.25636292,0.72366333
1515642499837,0.53359985,3.0963135,6.9056854,0.19998169,0.18185425,0.36447144
1515642499940,-0.39720154,3.242279,8.413162,-0.057785034,0.07312012,0.12989807
1515642500045,-0.59103394,5.3527374,9.059235,-0.19950867,0.029144287,-0.20237732
1515642500154,0.112457275,4.027115,11.5286255,-0.6674347,-0.35569763,-0.5640259
1515642500256,0.5431671,3.053238,8.606979,0.069244385,-0.07102966,-0.03378296
1515642500359,0.6460571,3.5868378,7.8963165,-0.030914307,-0.007507324,-0.3917694
1515642500462,-0.6460571,3.6586304,8.001602,0.26960754,0.14030457,-0.42230225
1515642500565,-1.426117,2.9527435,7.623535,0.020385742,-0.09547424,-0.38320923
1515642500669,-0.63409424,5.4915314,7.9896393,0.08390808,-0.14923096,0.08592224
1515642500774,-2.096115,4.984253,10.576279,-0.44262695,0.071884155,-0.04234314
1515642500879,-1.7778625,1.4069824,11.152954,0.4516449,0.5251465,0.5061798
1515642500989,-0.5647125,3.151352,7.5086823,-0.037017822,-0.1504364,0.71510315
1515642501091,-0.15074158,3.7854462,8.219345,0.054595947,0.19406128,0.435318
1515642501193,-0.61016846,3.9505463,8.468201,0.14865112,0.14396667,0.35224915
1515642501295,-0.49531555,4.3166504,7.405792,-0.01626587,0.08288574,0.083480835
1515642501402,-0.114852905,4.9986115,10.652847,-0.36444092,0.10853577,-0.2084961
1515642501503,-0.48335266,3.2566376,11.93779,-0.8042755,0.53126526,-0.5701294
1515642501608,1.5385895,3.3020935,10.535599,0.5139618,-0.37524414,-0.04966736
1515642501712,0.7728882,2.9072723,8.035095,0.22686768,-0.12112427,-0.41741943
1515642501814,0.22253418,3.3547363,7.5996094,0.042373657,-0.16267395,-0.6128998
1515642501915,-1.306488,3.5700989,8.118851,-0.07246399,0.029144287,-0.39665222
1515642502018,-1.524231,4.7353973,8.219345,-0.12010193,0.09144592,-0.06555176
1515642502122,-1.421341,4.9004974,9.298508,-0.3045807,-0.09057617,0.15800476
1515642502225,-1.4237366,3.7447662,9.841675,0.19142151,0.47016907,0.30827332
1515642502328,-1.524231,2.490921,8.647659,0.36857605,0.35043335,0.5978241
1515642502433,-0.71066284,3.3666992,7.9872437,0.17185974,0.026687622,0.55506897
1515642502535,-1.0193481,3.225525,8.427521,0.060699463,-0.08325195,0.40112305
1515642502640,-0.4139557,4.0821533,8.166702,0.1706543,0.029144287,0.21298218
1515642502744,-0.29670715,4.8143616,9.334396,-0.3363495,-0.11378479,-0.22805786
1515642502847,-0.62213135,3.6442719,13.311279,-0.74194336,-0.15167236,-0.5725708
1515642502950,0.79681396,4.4075775,9.652649,0.42111206,-0.37036133,0.016281128
1515642503056,1.0169525,2.8713837,8.554337,0.25128174,-0.18588257,-0.5640259
1515642503159,0.08375549,3.2853394,6.8650055,0.14500427,-0.2164154,-0.4259796
1515642503263,-0.098098755,4.237686,7.434494,-0.11643982,-0.2457428,-0.30012512
1515642503368,-1.0384827,5.333603,8.695511,-0.14086914,-0.09301758,-0.28179932
1515642503471,-1.4787598,4.7401886,10.057037,-0.078552246,0.51293945,-0.11198425
1515642503574,-0.098098755,3.8811646,10.136002,0.35757446,0.48605347,-0.002029419
1515642503678,-0.33499146,3.1202393,7.3914337,0.2684021,-0.05760193,-0.053344727
1515642503782,0.9523468,3.5270233,8.886948,0.026489258,-0.67700195,-0.11808777
1515642503887,0.6771698,3.4337006,9.430115,0.09490967,-0.2787323,-0.4552765
1515642503992,0.55992126,3.6299133,8.240875,-0.010147095,-0.5927124,-0.970871
1515642504095,0.9762726,3.7471619,8.752945,-0.00894165,-0.82850647,-1.4351044
1515642504200,0,2.5411835,9.250656,-0.070007324,-0.8358307,-1.9250183
1515642504303,1.0337067,1.9884338,10.085754,-0.48051453,-1.1278229,-2.2390137
1515642504405,0.9068756,0.3517456,11.200806,-1.0363922,-0.25430298,-2.0887299
1515642504510,2.5124664,3.5150604,9.451645,0.2024231,-1.0361938,-0.8853302
1515642504613,2.0985107,2.794815,9.805786,-0.010147095,-0.6085968,-1.5218506
1515642504714,2.3018951,2.2660065,9.2482605,-0.037017822,-0.2762909,-1.7417755
1515642504815,2.4789581,2.8594208,7.922638,0.08879089,-0.21276855,-1.6611176
1515642504917,2.3904266,3.0843506,8.384445,-0.02482605,-0.4290161,-1.9103699
1515642505026,-1.1868439,2.3904266,10.02832,0.5176239,-0.30438232,-1.4534302
1515642505130,1.2107697,4.3046875,17.099106,0.5420532,-2.0868835,-1.0551605
1515642505235,-1.0097656,2.904892,12.315857,0.4247589,0.10487366,-0.9855194
1515642505339,-1.0217285,2.9072723,6.7405853,0.4064331,-0.0099487305,-0.5346985
1515642505444,0.093322754,3.9433746,7.4488525,0.030151367,0.11097717,-0.93666077
1515642505548,-2.0219421,3.3212433,7.6546326,-0.5684662,0.14518738,-0.725296
1515642505652,-1.1294098,5.694916,9.499512,0.13522339,-0.46443176,0.028503418
1515642505755,0.28953552,6.4008026,11.3013,0.24395752,-0.3153839,-0.6446533
1515642505857,0.6053772,5.453247,10.169495,0.93911743,-0.70877075,-0.73506165
1515642505960,0.119644165,3.3308105,6.587448,0.2684021,-0.52796936,-0.5566864
1515642506064,0.3134613,3.3666992,6.4366913,-0.22517395,-0.25430298,-0.67396545
1515642506169,-0.26081848,3.596405,7.4081726,-0.21784973,-0.044158936,-0.63487244
1515642506273,-0.7848511,4.74736,7.848465,-0.36566162,-0.1687622,-0.41986084
1515642506377,-0.89730835,5.7021027,10.693527,-0.32901,-0.3166046,-0.039901733
1515642506485,-0.22013855,5.694916,11.023727,-0.3216858,-0.8663788,-0.50660706
1515642506588,-2.7996063,2.1224365,8.755341,-0.17263794,0.12808228,-0.4577179
1515642506707,-1.1988068,2.5076752,9.458832,0.28427124,-0.25186157,0.49397278
1515642506810,-1.3040924,2.691925,5.83609,0.30259705,0.45672607,0.40356445
1515642506912,-1.7491608,2.9742737,5.888733,-0.046783447,0.10487366,0.5122986
1515642507017,0.62931824,4.76651,8.834305,-0.56970215,-0.34959412,0.11645508
1515642507121,0.6795654,3.8452606,12.08136,-0.627121,-0.4290161,-0.39909363
1515642507224,2.1726837,3.7375946,8.815155,0.33314514,-1.0423126,0.14089966
1515642507328,0.45463562,2.2492523,6.821945,-0.078552246,-0.08203125,-0.296463
1515642507440,1.134201,3.2662048,8.085342,0.008163452,-0.002609253,-0.46263123
1515642507542,-0.6006012,3.9242249,8.413162,-0.15431213,0.15985107,-0.45407104
1515642507644,-0.6269226,5.211563,9.470795,0.1230011,0.3357849,0.048034668
1515642507752,-1.8017883,3.8955078,12.0095825,0.11933899,-0.079589844,-0.13519287
1515642507854,-1.7730865,3.5772705,5.7882385,0.39666748,-0.35203552,0.067596436
1515642507962,-1.3040924,2.4335022,7.795822,-0.04069519,-0.37524414,0.24595642
1515642508066,-0.5024872,2.7469635,7.113861,0.27694702,0.2783661,0.34614563
1515642508171,0.090927124,3.1776733,8.145172,0.03627014,0.03767395,0.12501526
1515642508275,0.23210144,4.5966187,10.54039,-0.066345215,0.25759888,-0.31723022
1515642508378,0.6699829,5.4340973,13.115067,-0.30336,-0.8969269,-0.8462372
1515642508483,-1.0504456,3.3356018,9.767502,0.069244385,-0.5914917,-0.06188965
1515642508586,0.78723145,3.6562347,6.5156555,0.4308777,-0.38136292,-0.2268219
1515642508688,-0.06939697,3.3930206,6.2572327,0.25372314,-0.07714844,-0.515152
1515642508795,-0.8039856,3.8452606,7.2550354,-0.15307617,0.13298035,-0.5004883
1515642508900,-1.3878326,5.5657043,10.143173,-0.029708862,0.30645752,0.04559326
1515642509003,-2.5363922,6.077774,12.452255,0.1547699,-0.21520996,0.21298218
1515642509110,-2.4406738,4.7617188,6.4342957,0.5078583,0.5691223,0.204422
1515642509213,-2.3282166,3.3714905,5.9940186,0.07902527,-0.23109436,0.5306244
1515642509316,-1.6630096,3.2853394,7.101898,-0.19706726,0.3027954,0.5770569
1515642509421,-0.24885559,4.1395874,7.130615,-0.17507935,-0.15411377,0.45243835
1515642509523,-0.45942688,5.247467,9.561722,-0.6222229,-0.21520996,-0.04966736
1515642509627,0.5288086,6.6137695,11.760727,-0.6124573,-0.62446594,-0.5786896
1515642509731,-0.4283142,3.7998047,7.1282196,0.5591583,-0.40701294,0.04194641
1515642509833,-0.13400269,3.0317078,7.2311096,0.14865112,0.5691223,-0.5799103
1515642509936,-0.64845276,3.4432678,6.7214355,0.22930908,-0.11378479,-0.25003052
1515642510038,-0.8518524,3.9601288,6.5443726,-0.25205994,0.012039185,-0.31723022
1515642510140,-1.8831482,4.543976,9.229111,-0.77615356,0.2698059,-0.13887024
1515642510241,-2.2348938,5.407776,11.542984,-0.62590027,-0.06858826,0.0016326904
1515642510343,-2.663208,3.5796661,8.5902405,0.5726013,0.81469727,0.28504944
1515642510448,-1.696518,2.5411835,7.836487,0.4834137,0.07067871,0.8751526
1515642510549,0.007171631,2.938385,9.212372,0.30381775,-0.06736755,0.6393585
1515642510650,-0.7992096,2.9766693,7.034897,0.077804565,0.04623413,0.23007202
1515642510753,-0.78723145,3.5126648,6.941574,-0.20196533,-0.25550842,0.22154236
1515642510857,-0.13877869,4.278366,13.368698,-0.98143005,0.2698059,-0.2756958
1515642510964,-0.9379883,3.3068848,13.083954,-0.8824463,0.45672607,-0.37098694
1515642511068,1.0600128,2.9431763,12.210571,0.8218384,-0.5523987,0.067596436
1515642511171,0.009567261,2.8187408,7.668991,0.5371704,-0.2750702,-0.25126648
1515642511273,-0.093322754,3.3092804,6.283554,0.17185974,-0.16511536,-0.46751404
1515642511377,-1.8424683,3.4169464,6.798004,-0.3913269,0.36753845,-0.3270111
1515642511480,-0.653244,5.7092743,11.140976,-0.57702637,-0.16755676,-0.072891235
1515642511589,-1.6319122,4.2352905,16.84787,-0.43774414,0.42007446,-0.5652466
1515642511693,-1.5050812,2.8737793,9.832108,0.94888306,0.14030457,-0.088775635
1515642511799,-0.65802,2.457428,7.8388824,0.63612366,-0.7283325,0.1592102
1515642511901,-0.47138977,2.5698853,6.8195496,0.4308777,-0.018493652,-0.16696167
1515642512003,-0.9451599,3.053238,6.20459,-0.22149658,0.010818481,-0.44306946
1515642512105,-0.29431152,4.003189,7.992035,-0.6014557,-0.72221375,-0.44674683
1515642512208,1.1413727,6.3720856,10.126419,-0.33024597,-0.64279175,-1.0233917
1515642512312,-1.0480499,3.1657104,10.884949,-0.08345032,-0.09547424,-1.1699982
1515642512415,1.5649109,3.3930206,8.822342,0.62635803,-0.4900818,-1.0539398
1515642512520,-0.275177,2.2181396,8.719452,0.14620972,-0.063705444,-1.2396393
1515642512624,-0.3134613,3.1322021,7.133011,0.23539734,-0.36791992,-0.89753723
1515642512733,-1.146164,3.7184448,7.2885437,-0.055343628,-0.20420837,-0.8853302
1515642512843,-1.4452667,5.027313,11.8349,-0.07366943,-0.06858826,-1.0294952
1515642512947,-1.7228394,3.1082764,12.385254,0.76319885,-0.19076538,-0.9610748
1515642513049,-2.6608124,2.0721893,8.123627,0.4357605,-0.1638794,-0.44062805
1515642513152,-1.4596252,2.9814606,9.944565,0.22563171,-0.6085968,0.017501831
1515642513255,-1.7539368,2.7804565,7.968094,0.18409729,-0.14555359,0.1726532
1515642513361,-0.7537384,3.1896362,7.0612183,0.15353394,-0.035614014,0.2679596
1515642513467,0.37088013,4.3166504,8.578262,-0.54037476,-0.3447113,-0.052124023
1515642513571,-0.3062744,5.7595215,9.865616,-0.56726074,-0.2616272,-0.38565063
1515642513674,-1.3950195,3.8692017,10.585846,0.39666748,0.5630188,-0.28547668
1515642513779,1.4476624,3.0269165,8.690735,0.90734863,-0.12722778,-0.2427063
1515642513884,-0.3900299,1.8281097,7.3339996,0.35147095,-0.10769653,-0.26591492
1515642513988,-0.48812866,3.3092804,6.9439697,-0.21661377,-0.16511536,-0.26835632
1515642514091,-1.105484,4.2951202,7.4273224,-0.3888855,-0.051483154,-0.14863586
1515642514194,-1.1102753,5.69014,10.853836,-0.45484924,-0.27262878,0.060272217
1515642514298,-1.0935211,5.3647156,16.307083,-0.13964844,-0.2322998,0.07003784
1515642514401,-1.6725769,3.4432678,8.006378,0.8413696,0.5825653,0.38035583
1515642514504,-0.8661957,2.8570251,7.451248,0.5640564,-0.2298584,0.6528015
1515642514606,-0.17945862,2.9001007,8.750549,0.6691284,-0.044158936,0.37301636
1515642514712,-0.76091003,3.053238,6.2476654,-0.13720703,0.20750427,0.087142944
1515642514816,-0.29910278,5.0488586,7.8436737,-0.54159546,-0.293396,0.08224487
1515642514920,-0.4402771,6.742981,11.100311,-0.3717804,-0.12358093,-0.116867065
1515642515024,-1.1030884,5.3072815,12.117249,-3.81E-04,0.663208,-0.34043884
1515642515126,0.08135986,4.3046875,7.5469666,0.93544006,-0.055145264,0.27651978
1515642515227,-0.08135986,3.522232,7.9250336,0.4333191,0.010818481,-0.017913818
1515642515328,-0.8566284,3.4097748,6.5491486,0.005722046,0.16596985,0.018737793
1515642515429,-0.87338257,4.646866,7.142578,-0.5782471,0.2355957,-0.036239624
1515642515531,-1.2658081,6.4055786,9.39183,-0.54037476,0.18305969,0.0211792
1515642515637,-1.2634125,6.723831,7.939392,-0.40841675,0.08288574,0.138443
1515642515737,-1.9669037,4.433899,9.32962,0.6080322,0.7658386,0.23251343
1515642515838,-0.85902405,3.2183533,9.004196,0.4015503,0.37243652,0.29360962
1515642515940,-0.23210144,3.3403778,7.4249268,0.42843628,-0.09301758,0.27407837
1515642516041,-1.134201,3.180069,7.2191467,-0.06266785,-0.2823944,0.15188599
1515642516143,-0.88534546,4.2759705,7.7527466,-0.10910034,-0.2298584,0.08592224
1515642516244,-0.090927124,6.484543,10.949554,-0.38520813,-0.39601135,-0.40274048
1515642516353,-1.2227325,5.5010986,13.500305,-0.7382965,-0.5194092,-0.9769592
1515642516460,0.086135864,4.7330017,8.044662,1.3899384,-0.38500977,0.5245056
1515642516562,0.3134613,3.9864502,7.207184,0.2708435,-0.09669495,-0.5053711
1515642516665,-0.31585693,4.031906,4.4147644,0.26472473,-0.68188477,-0.5896759
1515642516768,-0.9643097,3.7375946,5.448456,-0.9166565,0.29057312,-0.35632324
1515642516870,-1.5361938,4.5798645,10.839493,-1.1390228,0.2966919,-0.20973206
1515642516972,-0.9140625,6.448654,10.899307,-0.08955383,-0.7258911,-0.88656616
1515642517074,-4.220932,4.1683044,8.6931305,-0.16041565,0.86112976,-1.0539398
1515642517177,-2.5244293,1.6749725,10.17189,0.016708374,0.12930298,0.80796814
1515642517279,-1.2203369,3.000595,7.972885,0.30625916,-0.19444275,1.0816193
1515642517382,-1.7754669,2.4143524,7.3339996,-0.52449036,0.12686157,0.5660553
1515642517486,-1.2227325,2.526825,7.240677,-0.23005676,0.21850586,0.4719696
1515642517590,-1.4979095,3.6442719,12.234497,-0.7456207,0.12808228,0.23374939
1515642517693,-2.5651093,2.766098,14.828323,-0.5977936,0.096328735,0.06147766
1515642517797,1.2658081,3.8332977,10.265213,0.8413696,-0.16023254,0.64912415
1515642517904,-0.68196106,2.0123596,7.1162567,0.10467529,0.24291992,-0.35510254
1515642518007,-1.3351898,2.7182465,6.3505554,0.32214355,-0.007507324,-0.2756958
1515642518117,-2.4478607,3.0915222,6.896118,-0.22149658,0.4799347,-0.2084961
1515642518221,-3.878769,3.9792633,9.832108,-0.38154602,-0.01361084,0.13478088
1515642518332,-3.3595276,3.5317993,14.971893,-0.19950867,-0.07836914,0.19465637
1515642518437,-3.9266205,3.0197449,8.427521,0.118118286,0.70350647,0.7957306
1515642518542,-3.2159576,2.3665009,7.2957153,0.1889801,0.17939758,0.8946991
1515642518645,-2.383255,3.0101776,7.0372925,-0.10177612,0.22338867,0.6552429
1515642518748,-2.7852478,2.531601,8.018356,-0.08099365,0.21850586,0.3388214
1515642518851,-2.0697937,2.6990967,8.798416,-0.15797424,0.3015747,-0.23049927
1515642518955,-1.9333954,4.1563263,11.552551,0.12667847,-0.12234497,-0.38441467
1515642519059,-5.7595215,3.7543335,8.934799,-0.98143005,-0.5157471,-0.0093688965